make[1]: Entering directory '/serverhive/zenzer0s/pos/magictime/kernel_xiaomi_sm8250/out'
  HOSTCC  scripts/basic/fixdep
  GEN     ./Makefile
  HOSTCC  scripts/kconfig/conf.o
  HOSTCC  scripts/kconfig/zconf.tab.o
  HOSTLD  scripts/kconfig/conf
scripts/kconfig/conf  --syncconfig Kconfig
  UPD     include/config/kernel.release
  GEN     ./Makefile
  WRAP    arch/arm64/include/generated/uapi/asm/errno.h
  WRAP    arch/arm64/include/generated/uapi/asm/ioctl.h
  WRAP    arch/arm64/include/generated/uapi/asm/ioctls.h
  WRAP    arch/arm64/include/generated/uapi/asm/ipcbuf.h
  WRAP    arch/arm64/include/generated/uapi/asm/kvm_para.h
  WRAP    arch/arm64/include/generated/uapi/asm/mman.h
  WRAP    arch/arm64/include/generated/uapi/asm/msgbuf.h
  WRAP    arch/arm64/include/generated/uapi/asm/poll.h
  WRAP    arch/arm64/include/generated/uapi/asm/resource.h
  WRAP    arch/arm64/include/generated/uapi/asm/sembuf.h
  WRAP    arch/arm64/include/generated/uapi/asm/shmbuf.h
  WRAP    arch/arm64/include/generated/uapi/asm/socket.h
  WRAP    arch/arm64/include/generated/uapi/asm/sockios.h
  WRAP    arch/arm64/include/generated/uapi/asm/swab.h
  WRAP    arch/arm64/include/generated/uapi/asm/termbits.h
  WRAP    arch/arm64/include/generated/uapi/asm/termios.h
  WRAP    arch/arm64/include/generated/uapi/asm/types.h
  UPD     include/generated/uapi/linux/version.h
  UPD     include/generated/utsrelease.h
  Using .. as source for kernel
  WRAP    arch/arm64/include/generated/asm/bugs.h
  WRAP    arch/arm64/include/generated/asm/delay.h
  WRAP    arch/arm64/include/generated/asm/div64.h
  WRAP    arch/arm64/include/generated/asm/dma.h
  WRAP    arch/arm64/include/generated/asm/dma-contiguous.h
  WRAP    arch/arm64/include/generated/asm/early_ioremap.h
  WRAP    arch/arm64/include/generated/asm/emergency-restart.h
  WRAP    arch/arm64/include/generated/asm/hw_irq.h
  WRAP    arch/arm64/include/generated/asm/irq_regs.h
  WRAP    arch/arm64/include/generated/asm/kmap_types.h
  WRAP    arch/arm64/include/generated/asm/kdebug.h
  WRAP    arch/arm64/include/generated/asm/local.h
  WRAP    arch/arm64/include/generated/asm/local64.h
  WRAP    arch/arm64/include/generated/asm/mcs_spinlock.h
  WRAP    arch/arm64/include/generated/asm/mm-arch-hooks.h
  WRAP    arch/arm64/include/generated/asm/msi.h
  WRAP    arch/arm64/include/generated/asm/preempt.h
  WRAP    arch/arm64/include/generated/asm/qrwlock.h
  WRAP    arch/arm64/include/generated/asm/qspinlock.h
  WRAP    arch/arm64/include/generated/asm/segment.h
  WRAP    arch/arm64/include/generated/asm/serial.h
  WRAP    arch/arm64/include/generated/asm/set_memory.h
  WRAP    arch/arm64/include/generated/asm/sizes.h
  WRAP    arch/arm64/include/generated/asm/switch_to.h
  WRAP    arch/arm64/include/generated/asm/trace_clock.h
  WRAP    arch/arm64/include/generated/asm/unaligned.h
  WRAP    arch/arm64/include/generated/asm/user.h
  WRAP    arch/arm64/include/generated/asm/vga.h
  LDS     scripts/module-lto.lds
  HOSTCC  scripts/bin2c
  HOSTCC  scripts/kallsyms
  HOSTCC  scripts/sortextable
  HOSTCC  scripts/asn1_compiler
  HOSTCC  scripts/dtc/dtc.o
  HOSTCC  scripts/dtc/flattree.o
  HOSTCC  scripts/dtc/fstree.o
  HOSTCC  scripts/dtc/data.o
  CC      scripts/mod/empty.o
  HOSTCC  scripts/dtc/livetree.o
  HOSTCC  scripts/dtc/treesource.o
  HOSTCC  scripts/mod/mk_elfconfig
  HOSTCC  scripts/dtc/srcpos.o
  HOSTCC  scripts/dtc/checks.o
  CC      scripts/mod/devicetable-offsets.s
  HOSTCC  scripts/dtc/util.o
  LEX     scripts/dtc/dtc-lexer.lex.c
  YACC    scripts/dtc/dtc-parser.tab.h
  YACC    scripts/dtc/dtc-parser.tab.c
  HOSTCC  scripts/selinux/genheaders/genheaders
  HOSTCC  scripts/selinux/mdp/mdp
  HOSTCC  scripts/extract-cert
  CC      kernel/bounds.s
  UPD     include/generated/timeconst.h
  UPD     scripts/mod/devicetable-offsets.h
  MKELF   scripts/mod/elfconfig.h
  HOSTCC  scripts/mod/modpost.o
  HOSTCC  scripts/mod/file2alias.o
  HOSTCC  scripts/mod/sumversion.o
  UPD     include/generated/bounds.h
  CC      arch/arm64/kernel/asm-offsets.s
  HOSTCC  scripts/dtc/dtc-lexer.lex.o
  HOSTCC  scripts/dtc/dtc-parser.tab.o
  HOSTLD  scripts/dtc/dtc
  HOSTLD  scripts/mod/modpost
  UPD     include/generated/asm-offsets.h
  CALL    ../scripts/checksyscalls.sh
  LDS     arch/arm64/kernel/vdso/vdso.lds
  CC      arch/arm64/kernel/vdso/vgettimeofday.o
  AS      arch/arm64/kernel/vdso/note.o
  AS      arch/arm64/kernel/vdso/sigreturn.o
  LD      arch/arm64/kernel/vdso/vdso.so.dbg
  VDSOSYM include/generated/vdso-offsets.h
  LDS     arch/arm64/kernel/vdso32/vdso.lds
  CC32    arch/arm64/kernel/vdso32/note.o
  CC32    arch/arm64/kernel/vdso32/vgettimeofday.o
  AS32    arch/arm64/kernel/vdso32/sigreturn.o
  HOSTCC  arch/arm64/kernel/vdso32/../../../arm/vdso/vdsomunge
  LD32    arch/arm64/kernel/vdso32/vdso.so.raw
  MUNGE   arch/arm64/kernel/vdso32/vdso.so.dbg
  VDSOSYM include/generated/vdso32-offsets.h
  CHK     include/generated/compile.h
  CC      init/main.o
  CC      init/do_mounts.o
  CC      init/do_mounts_rd.o
  CC      init/do_mounts_initrd.o
  CC      init/do_mounts_dm.o
  CC      init/noinitramfs.o
  CC      init/initramfs.o
  CC      init/calibrate.o
  CC      init/init_task.o
  HOSTCC  usr/gen_init_cpio
  UPD     include/generated/compile.h
  CC      init/version.o
  CC      arch/arm64/kernel/debug-monitors.o
  AS      arch/arm64/kernel/entry.o
  CC      arch/arm64/kernel/irq.o
  CC      arch/arm64/kernel/probes/kprobes.o
  CC      arch/arm64/kernel/fpsimd.o
  AS      arch/arm64/kernel/entry-fpsimd.o
  CC      arch/arm64/kernel/probes/decode-insn.o
  CC      arch/arm64/kernel/process.o
  AS      arch/arm64/kernel/probes/kprobes_trampoline.o
  CC      arch/arm64/kernel/ptrace.o
  CC      arch/arm64/kernel/probes/simulate-insn.o
  CC      arch/arm64/kernel/setup.o
  CC      arch/arm64/kernel/signal.o
  CC      arch/arm64/kernel/sys.o
  CC      arch/arm64/kernel/stacktrace.o
  CC      arch/arm64/kernel/time.o
  CC      arch/arm64/kernel/traps.o
  CC      arch/arm64/kernel/io.o
  CC      arch/arm64/kernel/vdso.o
  AS      arch/arm64/kernel/hyp-stub.o
  CC      arch/arm64/kernel/psci.o
  CC      arch/arm64/mm/dma-mapping.o
  CC      arch/arm64/kernel/cpu_ops.o
  OBJCOPY arch/arm64/kernel/vdso/vdso.so
  CC      arch/arm64/kernel/insn.o
  CC      arch/arm64/kernel/module.o
  CC      arch/arm64/kernel/return_address.o
  CC      arch/arm64/kernel/cpuinfo.o
  AS      arch/arm64/kernel/vdso/vdso.o
  CC      arch/arm64/mm/extable.o
  CC      arch/arm64/mm/fault.o
  CC      arch/arm64/kernel/cpu_errata.o
  CC      arch/arm64/mm/init.o
  AS      arch/arm64/mm/cache.o
  CC      arch/arm64/kernel/cpufeature.o
  CC      arch/arm64/mm/copypage.o
  CC      arch/arm64/net/bpf_jit_comp.o
  CC      arch/arm64/kernel/alternative.o
  CC      arch/arm64/kernel/cacheinfo.o
  CC      arch/arm64/kernel/smp.o
  CC      arch/arm64/mm/flush.o
  CC      arch/arm64/kernel/smp_spin_table.o
  CC      arch/arm64/crypto/sha1-ce-glue.o
  GEN     usr/initramfs_data.cpio
  AS      arch/arm64/crypto/sha1-ce-core.o
  CC      arch/arm64/crypto/sha2-ce-glue.o
  AS      usr/initramfs_data.o
  AS      arch/arm64/crypto/sha2-ce-core.o
  CC      arch/arm64/kernel/topology.o
  CC      arch/arm64/crypto/ghash-ce-glue.o
  AS      arch/arm64/crypto/ghash-ce-core.o
  CC      arch/arm64/mm/ioremap.o
  AS      arch/arm64/kernel/smccc-call.o
  CC      kernel/cgroup/cgroup.o
  CC      kernel/dma/mapping.o
  CC      kernel/events/core.o
  CC      arch/arm64/mm/mmap.o
  CC      kernel/dma/contiguous.o
  CC      arch/arm64/mm/pgd.o
  AS      arch/arm64/crypto/aes-ce-core.o
  CC      certs/system_keyring.o
  CC      kernel/events/ring_buffer.o
  CC      kernel/cgroup/rstat.o
  CC      kernel/irq/irqdesc.o
  CC      kernel/dma/coherent.o
  CC      kernel/cgroup/namespace.o
  CC      kernel/cgroup/cgroup-v1.o
  CC      kernel/cgroup/freezer.o
  CC      kernel/dma/removed.o
  CC      kernel/dma/direct.o
  CC      kernel/irq/handle.o
  CC      arch/arm64/mm/mmu.o
  CC      arch/arm64/mm/context.o
  CC      kernel/dma/swiotlb.o
  CC      kernel/bpf/core.o
  CC      kernel/bpf/tp_stub.o
  EXTRACT_CERTS   
  AS      arch/arm64/mm/proc.o
  CC      arch/arm64/mm/pageattr.o
  CC      arch/arm64/crypto/aes-ce-glue.o
  OBJCOPY arch/arm64/kernel/vdso32/vdso.so
  CC      arch/arm64/crypto/aes-ce-ccm-glue.o
  CC      kernel/irq/manage.o
  CC      kernel/locking/mutex.o
  CC      kernel/power/qos.o
  AS      arch/arm64/kernel/vdso32/vdso.o
  CC      kernel/printk/printk.o
  CC      mm/filemap.o
  CC      kernel/printk/printk_safe.o
  CC      kernel/locking/semaphore.o
  CC      kernel/irq/spurious.o
  CC      kernel/locking/rwsem.o
  CC      kernel/cgroup/legacy_freezer.o
  AS      certs/system_certificates.o
  CC      fs/configfs/inode.o
  CC      fs/crypto/crypto.o
  CC      fs/devpts/inode.o
  CC      kernel/cgroup/cpuset.o
  CC      fs/crypto/fname.o
  CC      fs/erofs/super.o
  CC      fs/exfat/inode.o
  CC      fs/configfs/file.o
  CC      security/bpf/hooks.o
  CC      fs/erofs/inode.o
  CC      fs/erofs/data.o
  CC      fs/configfs/dir.o
  CC      security/integrity/iint.o
  CC      fs/exfat/namei.o
  CC      kernel/rcu/update.o
  CC      security/integrity/integrity_audit.o
  CC      kernel/sched/core.o
  CC      fs/exfat/dir.o
  CC      kernel/bpf/syscall.o
  CC      fs/exfat/super.o
  CC      fs/exfat/fatent.o
  CC      kernel/power/main.o
  CC      kernel/irq/resend.o
  CC      arch/arm64/kernel/syscall.o
  AS      arch/arm64/crypto/aes-ce-ccm-core.o
  CC      kernel/rcu/sync.o
  CC      kernel/events/callchain.o
  CC      fs/erofs/namei.o
  CC      fs/configfs/symlink.o
  CC      fs/configfs/mount.o
  CC      fs/configfs/item.o
  CC      kernel/rcu/srcutree.o
  CC      kernel/irq/chip.o
  CC      fs/erofs/dir.o
  CC      mm/mempool.o
  CC      kernel/locking/percpu-rwsem.o
  CC      kernel/sched/loadavg.o
  CC      fs/erofs/utils.o
  CC      kernel/sched/clock.o
  CC      arch/arm64/crypto/aes-glue-ce.o
  CC      kernel/irq/dummychip.o
  AS      arch/arm64/crypto/aes-ce.o
  CC      mm/oom_kill.o
  CC      arch/arm64/crypto/aes-glue-neon.o
  CC      fs/exfat/cache.o
  CC      fs/exfat/nls.o
  CC      kernel/sched/cputime.o
  CC      fs/crypto/hkdf.o
  CC      security/keys/gc.o
  GEN     security/selinux/flask.h security/selinux/av_permissions.h
  CC      security/selinux/avc.o
  CC      kernel/locking/spinlock.o
  CC      kernel/locking/osq_lock.o
  CC      fs/exportfs/expfs.o
  CC      kernel/rcu/tree.o
  CC      fs/crypto/hooks.o
  CC      fs/ext4/balloc.o
  CC      kernel/power/process.o
  CC      kernel/power/suspend.o
  CC      kernel/power/wakelock.o
  CC      kernel/bpf/verifier.o
  CC      block/partitions/check.o
  CC      block/partitions/msdos.o
  CC      crypto/asymmetric_keys/asymmetric_type.o
  CC      security/selinux/hooks.o
  CC      fs/crypto/keyring.o
  CC      kernel/power/poweroff.o
  CC      kernel/locking/qspinlock.o
  CC      fs/ext4/bitmap.o
  CC      kernel/irq/devres.o
  CC      arch/arm64/kernel/sys32.o
  CC      crypto/api.o
  CC      kernel/bpf/inode.o
  CC      security/commoncap.o
  CC      security/keys/key.o
  AS      arch/arm64/crypto/aes-neon.o
  CC      arch/arm64/crypto/sha256-glue.o
  CC      crypto/cipher.o
  CC      fs/f2fs/dir.o
  CC      crypto/asymmetric_keys/restrict.o
  CC      crypto/asymmetric_keys/signature.o
  CC      fs/erofs/pcpubuf.o
  CC      fs/crypto/keysetup.o
  SHIPPED arch/arm64/crypto/sha256-core.S
  CC      block/bio.o
  CC      arch/arm64/kernel/signal32.o
  CC      security/keys/keyring.o
  CC      kernel/locking/rtmutex.o
  CC      mm/fadvise.o
  CC      kernel/power/energy_model.o
  CC      block/elevator.o
  CC      kernel/irq/autoprobe.o
  CC      fs/erofs/xattr.o
  CC      fs/f2fs/file.o
  CC      security/keys/keyctl.o
  CC      fs/fat/cache.o
  CC      crypto/asymmetric_keys/public_key.o
  CC      fs/exfat/misc.o
  CC      drivers/amba/bus.o
  CC      fs/fat/dir.o
  CC      drivers/android/binderfs.o
  CC      security/selinux/selinuxfs.o
  CC      security/selinux/netlink.o
  CC      drivers/android/binder.o
  AS      arch/arm64/crypto/chacha-neon-core.o
  CC      sound/core/sound.o
  CC      fs/crypto/keysetup_v1.o
  CC      block/partitions/efi.o
  CC      arch/arm64/crypto/chacha-neon-glue.o
  SHIPPED arch/arm64/crypto/poly1305-core.S
  CC      fs/crypto/policy.o
  CC      kernel/locking/qrwlock.o
  CC      fs/exfat/file.o
  CC      fs/exfat/balloc.o
  CC      kernel/irq/irqdomain.o
  CC      mm/maccess.o
  CC      fs/fuse/dev.o
  CC      fs/fuse/dir.o
  CC      kernel/rcu/rcu_segcblist.o
  CC      drivers/base/firmware_loader/fallback_table.o
  CC      drivers/base/power/sysfs.o
  CC      drivers/base/firmware_loader/main.o
  CC      drivers/base/regmap/regmap.o
  CC      arch/arm64/crypto/poly1305-glue.o
  CC      kernel/power/wakeup_reason.o
  CC      drivers/base/regmap/regcache.o
  CC      fs/erofs/decompressor.o
  CC      drivers/base/regmap/regcache-rbtree.o
  CC      fs/incfs/data_mgmt.o
  CC      fs/jbd2/transaction.o
  CC      fs/kernfs/mount.o
  ASN.1   crypto/asymmetric_keys/x509.asn1.c
  CC      fs/jbd2/commit.o
  ASN.1   crypto/asymmetric_keys/x509_akid.asn1.c
  CC      crypto/asymmetric_keys/x509_public_key.o
  ASN.1   crypto/asymmetric_keys/pkcs7.asn1.c
  CC      sound/core/init.o
  CC      arch/arm64/kernel/sys_compat.o
  CC      security/min_addr.o
  CC      fs/kernfs/inode.o
  CC      kernel/bpf/helpers.o
  CC      fs/ext4/block_validity.o
  CC      techpack/audio/dsp/codecs/q6audio_v2.o
  CC      techpack/audio/asoc/codecs/bolero/bolero-cdc.o
  CC      fs/crypto/bio.o
  CC      fs/fuse/file.o
  CC      security/keys/permission.o
  CC      drivers/base/power/generic_ops.o
  CC      security/keys/process_keys.o
  CC      mm/page_alloc.o
  CC      drivers/base/power/common.o
  CC      mm/page-writeback.o
  CC      kernel/sched/idle.o
  CC      drivers/block/zram/zcomp.o
  CC      kernel/sched/fair.o
  CC      kernel/sched/rt.o
  CC      fs/fat/fatent.o
  CC      drivers/block/zram/zram_drv.o
  CC      drivers/bluetooth/bluetooth-power.o
  CC      drivers/block/brd.o
  CC      drivers/block/loop.o
  CC      block/blk-core.o
  CC      techpack/audio/asoc/codecs/bolero/bolero-cdc-utils.o
  CC      crypto/asymmetric_keys/pkcs7_trust.o
  AS      arch/arm64/crypto/aes-cipher-core.o
  CC      kernel/irq/proc.o
  CC      drivers/block/vs_block_server.o
  CC      fs/f2fs/inode.o
  CC      drivers/base/firmware_loader/fallback.o
  CC      sound/core/memory.o
  CC      techpack/audio/asoc/codecs/bolero/bolero-cdc-regmap.o
  AS      arch/arm64/kernel/kuser32.o
  CC      arch/arm64/crypto/aes-cipher-glue.o
  CC      fs/erofs/zmap.o
  CC      drivers/base/power/qos.o
  CC      fs/incfs/format.o
  CC      arch/arm64/kernel/arm64ksyms.o
  CC      techpack/audio/ipc/apr.o
  CC      arch/arm64/kernel/module-plts.o
  CC      techpack/audio/asoc/codecs/bolero/bolero-cdc-tables.o
  CC      net/802/p8022.o
  CC      fs/crypto/inline_crypt.o
  CC      net/802/psnap.o
  CC      techpack/audio/asoc/codecs/bolero/bolero-clk-rsc.o
  CC      techpack/audio/dsp/codecs/q6audio_v2_aio.o
  CC      security/keys/request_key.o
  CC      crypto/asymmetric_keys/pkcs7_verify.o
  CC      fs/kernfs/dir.o
  CC      fs/ext4/dir.o
  CC      fs/jbd2/recovery.o
  CC      security/selinux/nlmsgtab.o
  CC      drivers/block/vs_block_client.o
  CC      fs/fat/file.o
  CC      fs/ext4/ext4_jbd2.o
  CC      drivers/bluetooth/btfm_slim.o
  CC      sound/core/control.o
  CC      kernel/irq/cpuhotplug.o
  AS      arch/arm64/crypto/sha256-core.o
  AS      arch/arm64/crypto/poly1305-core.o
  AS      arch/arm64/lib/crc32.o
  CC      drivers/base/regmap/regcache-flat.o
  CC      kernel/time/time.o
  CC      techpack/audio/asoc/msm-audio-effects-q6-v2.o
  AS      arch/arm64/lib/clear_page.o
  CC      drivers/base/regmap/regmap-i2c.o
  CC      drivers/block/zram/backend_lzorle.o
  CC      lib/crypto/chacha.o
  CC      fs/jbd2/checkpoint.o
  CC      lib/lz4/lz4.o
  CC      techpack/camera/drivers/cam_cdm/cam_cdm_soc.o
  CC      fs/jbd2/revoke.o
  CC      fs/incfs/integrity.o
  CC      crypto/asymmetric_keys/x509.asn1.o
  CC      fs/erofs/zdata.o
  AS      arch/arm64/lib/clear_user.o
  AS      arch/arm64/lib/copy_from_user.o
  CC      techpack/audio-extend/audio_extend_drv.o
  CC      crypto/asymmetric_keys/x509_akid.asn1.o
  CC      arch/arm64/kernel/perf_regs.o
  CC      techpack/camera/drivers/cam_cdm/cam_cdm_util.o
  CC      techpack/audio/dsp/codecs/audio_utils_aio.o
  CC      security/keys/request_key_auth.o
  CC      crypto/asymmetric_keys/x509_cert_parser.o
  CC      fs/fuse/inode.o
  CC      lib/lzo/lzo1x_compress.o
  CC      lib/mpi/generic_mpih-lshift.o
  CC      lib/crypto/libchacha.o
  CC      techpack/audio/ipc/apr_v2.o
  AS      arch/arm64/lib/copy_in_user.o
  AS      arch/arm64/lib/copy_page.o
  CC      drivers/block/zram/backend_lzo.o
  CC      fs/kernfs/file.o
  CC      techpack/audio/asoc/codecs/bolero/wsa-macro.o
  CC      kernel/irq/pm.o
  CC      techpack/audio/dsp/codecs/audio_utils.o
  CC      security/keys/user_defined.o
../kernel/sched/fair.c:8355:16: warning: unused variable 'min' [-Wunused-variable]
 8355 |         unsigned long min, max;
      |                       ^~~
../kernel/sched/fair.c:8355:21: warning: unused variable 'max' [-Wunused-variable]
 8355 |         unsigned long min, max;
      |                            ^~~
  CC      lib/lzo/lzo1x_decompress_safe.o
  CC      net/802/stp.o
  AS      arch/arm64/lib/copy_to_user.o
  CC      kernel/trace/trace_clock.o
  CHK     kernel/kheaders_data.tar.xz
../kernel/sched/fair.c:12161:29: warning: variable 'sd' is uninitialized when used here [-Wuninitialized]
 12161 |                 .sd                     = sd,
       |                                           ^~
  CC      drivers/base/power/runtime.o
../kernel/sched/fair.c:12154:25: note: initialize the variable 'sd' to silence this warning
 12154 |         struct sched_domain *sd;
       |                                ^
       |                                 = NULL
  CC      drivers/android/binder_alloc.o
../kernel/sched/fair.c:13016:13: warning: unused function 'silver_has_big_tasks' [-Wunused-function]
 13016 | static bool silver_has_big_tasks(void)
       |             ^~~~~~~~~~~~~~~~~~~~
  CC      fs/incfs/main.o
  CC      kernel/fork.o
  CC      kernel/trace/ring_buffer.o
  CC      arch/arm64/lib/csum.o
  CC      crypto/asymmetric_keys/pkcs7.asn1.o
  CC      drivers/base/regmap/regmap-spi.o
  CC      drivers/base/regmap/regmap-spmi.o
  CC      fs/fat/inode.o
  CC      fs/incfs/vfs.o
  CC      drivers/bluetooth/btfm_slim_codec.o
  CC      fs/fat/misc.o
  CC      kernel/irq/msi.o
  CC      fs/f2fs/namei.o
  GEN     kernel/kheaders_data.tar.xz
  CC      crypto/asymmetric_keys/pkcs7_parser.o
  CC      kernel/bpf/tnum.o
  CC      kernel/time/timer.o
  CC      fs/fat/nfs.o
  CC      techpack/audio/ipc/apr_tal_rpmsg.o
  CC      mm/readahead.o
  CC      block/blk-tag.o
  CC      techpack/audio/asoc/codecs/tfa98xx-v6/tfa_container_v6.o
  CC      security/selinux/netif.o
  CC      techpack/camera/drivers/cam_cdm/cam_cdm_intf.o
  CC      techpack/audio/asoc/msm-compress-q6-v2.o
  CC      security/selinux/netnode.o
  CC      mm/swap.o
  CC      techpack/audio/dsp/msm-audio-event-notify.o
  CC      lib/mpi/generic_mpih-mul1.o
  CC      fs/jbd2/journal.o
  CC      kernel/bpf/bpf_iter.o
  CC      arch/arm64/kernel/perf_callchain.o
  CC      arch/arm64/lib/delay.o
  CC      sound/core/misc.o
  CC      mm/truncate.o
  CC      lib/crypto/poly1305-donna64.o
  CC      techpack/audio/asoc/codecs/wcd938x/wcd938x.o
  CC      techpack/camera/drivers/cam_core/cam_context.o
  CC      security/keys/compat.o
  CC      lib/mpi/generic_mpih-mul2.o
  CC      fs/kernfs/symlink.o
  CC      sound/core/device.o
  CC      security/selinux/netport.o
  CC      fs/ext4/extents.o
  CC      kernel/sched/deadline.o
  CC      drivers/base/power/wakeirq.o
  CC      lib/crypto/poly1305.o
  CC      techpack/audio/dsp/codecs/audio_native.o
  CC      fs/fuse/control.o
  CC      crypto/compress.o
  CC      kernel/irq/affinity.o
  CC      net/bluetooth/af_bluetooth.o
  CC      techpack/audio/asoc/codecs/bolero/va-macro.o
  CC      drivers/base/regmap/regmap-mmio.o
  CC      techpack/audio/dsp/codecs/aac_in.o
  AS      arch/arm64/lib/memchr.o
  CC      lib/lz4/lz4hc.o
  CC      drivers/bluetooth/btfm_slim_slave.o
  CC      fs/fuse/xattr.o
  AS      arch/arm64/lib/memcmp.o
  CC      net/bluetooth/hci_core.o
  CC      techpack/camera/drivers/cam_core/cam_context_utils.o
  CC      techpack/audio/dsp/codecs/amrnb_in.o
  CC      lib/lz4/lz4armv8/lz4accel.o
  CC      techpack/audio/dsp/codecs/amrwb_in.o
  CC      kernel/trace/trace.o
  CC      techpack/audio/asoc/codecs/bolero/tx-macro.o
  CC      techpack/camera/drivers/cam_cdm/cam_cdm_core_common.o
  CC      arch/arm64/kernel/perf_event.o
  CC      sound/core/info.o
  AS      arch/arm64/lib/memcpy.o
  CC      lib/mpi/generic_mpih-mul3.o
  CC      block/blk-sysfs.o
  CC      block/blk-flush.o
  CC      drivers/base/power/main.o
  CC      fs/fat/namei_vfat.o
  CC      block/blk-settings.o
  CC      security/keys/proc.o
  CC      arch/arm64/kernel/perf_trace_counters.o
  AS      arch/arm64/lib/memset.o
  CC      lib/reed_solomon/reed_solomon.o
  CC      techpack/audio/asoc/codecs/tfa98xx-v6/tfa98xx_v6.o
  AS      arch/arm64/lib/strchr.o
  CC      lib/crypto/blake2s-generic.o
  AS      arch/arm64/lib/strcmp.o
  CC      drivers/base/regmap/regmap-irq.o
  AS      arch/arm64/lib/strlen.o
  CC      kernel/bpf/map_iter.o
  AS      arch/arm64/lib/strncmp.o
  CC      techpack/audio/asoc/codecs/wcd938x/wcd938x-regmap.o
  CC      crypto/memneq.o
  CC      techpack/camera/drivers/cam_core/cam_node.o
  CC      mm/vmscan.o
  CC      mm/shmem.o
  CC      drivers/bus/qcom-ebi2.o
  CC      drivers/bus/mhi/controllers/mhi_qcom.o
  CC      mm/util.o
  AS      arch/arm64/lib/strnlen.o
4 warnings generated.
  CC      kernel/time/hrtimer.o
  CC      kernel/trace/trace_output.o
  CC      drivers/base/component.o
  CC      lib/mpi/generic_mpih-rshift.o
  CC      techpack/camera/drivers/cam_cpas/camss_top/cam_camsstop_hw.o
  CC      fs/f2fs/hash.o
  AS      arch/arm64/lib/strrchr.o
  CC      fs/nls/nls_base.o
  CC      fs/fuse/acl.o
  CC      crypto/crypto_wq.o
  CC      techpack/audio/asoc/codecs/wcd938x/wcd938x-tables.o
  CC      techpack/audio/dsp/codecs/audio_aac.o
  CC      sound/core/ctljack.o
  CC      security/selinux/ss/ebitmap.o
  CC      block/blk-ioc.o
  CC      security/selinux/ss/hashtab.o
  AS      arch/arm64/lib/tishift.o
  CC      techpack/audio/asoc/codecs/wcd938x/wcd938x-mbhc.o
  CC      techpack/camera/drivers/cam_cdm/cam_cdm_virtual_core.o
  CC      sound/core/jack.o
  CC      security/keys/sysctl.o
  CC      techpack/audio/soc/pinctrl-wcd.o
  CC      security/selinux/ss/symtab.o
  CC      kernel/sched/wait.o
  CC      security/selinux/ss/sidtab.o
  CC      arch/arm64/kernel/perf_trace_user.o
  CC      techpack/audio/asoc/msm-dai-fe.o
  CC      security/selinux/ss/avtab.o
  CC      kernel/trace/trace_seq.o
  CC      techpack/audio/asoc/msm-dai-q6-hdmi-v2.o
  CC      techpack/audio/asoc/codecs/tfa98xx-v6/tfa_dsp_v6.o
  CC      security/security.o
  CC      fs/ext4/extents_status.o
  CC      lib/crypto/blake2s.o
  CC      fs/nls/nls_cp437.o
  CC      drivers/base/core.o
  CC      drivers/base/power/wakeup.o
  CC      techpack/audio/asoc/codecs/bolero/rx-macro.o
  CC      security/lsm_audit.o
  CC      techpack/camera/drivers/cam_cpas/cpas_top/cam_cpastop_hw.o
  CC      techpack/camera/drivers/cam_core/cam_subdev.o
  CC      techpack/camera/drivers/cam_cdm/cam_cdm_hw_core.o
  CC      lib/mpi/generic_mpih-sub1.o
  CC      techpack/camera/drivers/cam_cpas/cam_cpas_soc.o
  CC      fs/fuse/passthrough.o
  CC      kernel/bpf/task_iter.o
  CC      drivers/bus/mhi/controllers/mhi_arch_qcom.o
  CC      drivers/char/diag/diagchar_core.o
  CC      crypto/algapi.o
  CC      techpack/audio/dsp/codecs/audio_alac.o
  CC      sound/core/hwdep.o
  CC      fs/f2fs/super.o
  CC      sound/core/timer.o
  CC      drivers/char/diag/diagchar_hdlc.o
  CC      drivers/char/diag/diagfwd.o
  CC      techpack/audio/soc/pinctrl-lpi.o
  CC      block/blk-map.o
  CC      kernel/exec_domain.o
  CC      drivers/char/hw_random/core.o
  CC      drivers/char/diag/diagfwd_peripheral.o
  AS      lib/lz4/lz4armv8/lz4armv8.o
  CC      fs/nls/nls_iso8859-1.o
  CC      fs/nls/nls_utf8.o
  CC      block/blk-exec.o
  CC      block/blk-merge.o
  CC      block/blk-softirq.o
  CC      net/bluetooth/hci_conn.o
  CC      techpack/audio/asoc/codecs/wcd938x/wcd938x-slave.o
  CC      block/blk-timeout.o
  CC      lib/crypto/chacha20poly1305.o
  CC      block/blk-lib.o
  CC      kernel/trace/trace_stat.o
  CC      kernel/time/timekeeping.o
  CC      techpack/audio/dsp/codecs/audio_amrnb.o
  CC      lib/mpi/generic_mpih-add1.o
  CC      block/blk-mq.o
  CC      block/blk-mq-tag.o
  AS      arch/arm64/kernel/sleep.o
  CC      block/blk-stat.o
  CC      block/blk-mq-sysfs.o
  CC      kernel/sched/wait_bit.o
  CC      kernel/sched/swait.o
  CC      techpack/camera/drivers/cam_cpas/cam_cpas_intf.o
  CC      techpack/audio/soc/regmap-swr.o
  CC      techpack/camera/drivers/cam_cust/cam_custom_hw_mgr/cam_custom_csid/cam_custom_csid_dev.o
  CC      arch/arm64/kernel/suspend.o
  CC      techpack/camera/drivers/cam_cust/cam_custom_hw_mgr/cam_custom_hw1/cam_custom_sub_mod_soc.o
  CC      techpack/camera/drivers/cam_cust/cam_custom_hw_mgr/cam_custom_hw_mgr.o
  CC      lib/mpi/mpicoder.o
  CC      drivers/char/hw_random/msm_rng.o
  CC      crypto/scatterwalk.o
  CC      kernel/bpf/prog_iter.o
  CC      kernel/bpf/hashtab.o
  CC      drivers/bus/mhi/core/mhi_init.o
  CC      drivers/base/power/wakeup_stats.o
  CC      techpack/audio/asoc/codecs/tfa98xx-v6/tfa_init_v6.o
  CC      crypto/proc.o
  CC      kernel/panic.o
  CC      mm/mmzone.o
  CC      kernel/time/ntp.o
  CC      drivers/bus/mhi/devices/mhi_netdev.o
  CC      drivers/char/mem.o
  CC      security/selinux/ss/policydb.o
  CC      security/selinux/ss/services.o
  CC      security/selinux/ss/conditional.o
  CC      techpack/audio/dsp/codecs/audio_amrwb.o
  CC      drivers/base/bus.o
  CC      techpack/audio/dsp/audio_calibration.o
  CC      techpack/audio/asoc/msm-dai-q6-v2.o
  CC      sound/core/pcm.o
  CC      techpack/audio/dsp/audio_cal_utils.o
  CC      techpack/camera/drivers/cam_cust/cam_custom_dev.o
  CC      lib/crypto/curve25519-hacl64.o
  CC      techpack/audio/soc/soundwire.o
  CC      techpack/audio/soc/snd_event.o
  CC      kernel/trace/trace_printk.o
  CC      techpack/audio/soc/swr-mstr-ctrl.o
  CC      drivers/base/power/domain.o
  CC      arch/arm64/kernel/cpuidle.o
  CC      kernel/trace/trace_sched_switch.o
  CC      fs/ext4/file.o
  CC      drivers/base/power/domain_governor.o
  CC      techpack/camera/drivers/cam_cust/cam_custom_hw_mgr/cam_custom_hw1/cam_custom_sub_mod_dev.o
  CC      techpack/camera/drivers/cam_cust/cam_custom_hw_mgr/cam_custom_hw1/cam_custom_sub_mod_core.o
  CC      techpack/camera/drivers/cam_cpas/cam_cpas_hw.o
  CC      net/bpf/test_run.o
  CC      lib/crypto/curve25519-generic.o
  CC      lib/mpi/mpi-bit.o
  CC      lib/crypto/curve25519.o
  CC      techpack/audio/asoc/codecs/tfa98xx-v6/../smartpa_pm/smartpa_pm.o
  CC      drivers/char/diag/diagfwd_socket.o
  CC      mm/vmstat.o
  CC      techpack/audio/dsp/q6adm.o
  CC      drivers/char/hw_random/cavium-rng.o
  CC      crypto/aead.o
  CC      net/bridge/netfilter/ebtables.o
  CC      techpack/audio/dsp/codecs/audio_amrwbplus.o
  CC      kernel/sched/completion.o
  CC      kernel/sched/cpupri.o
  CC      net/bridge/netfilter/ebtable_broute.o
  CC      crypto/ablkcipher.o
  CC      net/bluetooth/hci_event.o
  CC      kernel/time/clocksource.o
  CC      drivers/char/hw_random/cavium-rng-vf.o
  CC      drivers/clk/qcom/common.o
  CC      fs/f2fs/inline.o
  CC      arch/arm64/kernel/jump_label.o
  CC      net/bluetooth/mgmt.o
  CC      net/can/af_can.o
  CC      sound/core/pcm_native.o
  CC      net/core/sock.o
  CC      drivers/bus/mhi/core/mhi_main.o
  CC      net/core/request_sock.o
  CC      arch/arm64/kernel/pci.o
  CC      fs/ext4/fsmap.o
  CC      drivers/clk/qcom/clk-regmap.o
  CC      drivers/base/power/clock_ops.o
  CC      block/blk-mq-cpumap.o
  CC      kernel/cpu.o
  CC      block/blk-mq-sched.o
  CC      lib/mpi/mpi-cmp.o
  CC      block/ioctl.o
  CC      kernel/bpf/arraymap.o
  CC      drivers/clocksource/timer-of.o
  CC      drivers/clocksource/timer-probe.o
  CC      net/ethernet/eth.o
  CC      techpack/audio/dsp/codecs/audio_ape.o
  CC      security/selinux/ss/mls.o
  CC      drivers/bus/mhi/core/mhi_pm.o
  CC      techpack/audio/asoc/codecs/wsa883x/wsa883x.o
  CC      drivers/bus/mhi/devices/mhi_uci.o
  CC      kernel/trace/trace_nop.o
  CC      techpack/camera/drivers/cam_cust/cam_custom_context.o
  CC      kernel/time/jiffies.o
  CC      lib/mpi/mpih-cmp.o
  CC      net/core/skbuff.o
  CC      net/bridge/br.o
  CC      arch/arm64/kernel/armv8_deprecated.o
  CC      net/can/proc.o
  CC      drivers/base/dd.o
  CC      mm/backing-dev.o
  CC      kernel/trace/blktrace.o
  CC      drivers/clk/qcom/clk-alpha-pll.o
  CC      drivers/clk/qcom/clk-pll.o
  CC      drivers/clk/qcom/clk-rcg.o
  CC      mm/mm_init.o
  CC      arch/arm64/kernel/bootinfo.o
  CC      kernel/trace/trace_events.o
  CC      crypto/blkcipher.o
  CC      drivers/clocksource/arm_arch_timer.o
  CC      kernel/trace/trace_export.o
  CC      kernel/time/timer_list.o
  CC      kernel/sched/cpudeadline.o
  CC      techpack/audio/asoc/codecs/wcd9xxx-core-init.o
  CC      techpack/audio/asoc/msm-dai-stub-v2.o
  CC      techpack/audio/dsp/codecs/audio_evrc.o
  CC      techpack/audio/dsp/codecs/audio_g711alaw.o
  CC      lib/mpi/mpih-div.o
  CC      kernel/trace/trace_event_perf.o
  CC      drivers/bus/mhi/devices/mhi_satellite.o
  CC      net/core/datagram.o
  CC      fs/f2fs/checkpoint.o
  CC      block/genhd.o
  CC      fs/f2fs/gc.o
  CC      drivers/char/diag/diagfwd_rpmsg.o
  CC      techpack/audio/dsp/q6afe.o
  CC      drivers/bus/mhi/core/mhi_boot.o
  CC      techpack/camera/drivers/cam_fd/fd_hw_mgr/fd_hw/cam_fd_hw_dev.o
  CC      sound/core/pcm_lib.o
  CC      techpack/audio/asoc/codecs/wsa883x/wsa883x-regmap.o
  CC      techpack/audio/dsp/q6asm.o
  CC      techpack/camera/drivers/cam_icp/icp_hw/icp_hw_mgr/cam_icp_hw_mgr.o
  CC      techpack/camera/drivers/cam_icp/icp_hw/a5_hw/a5_dev.o
  CC      techpack/camera/drivers/cam_icp/icp_hw/bps_hw/bps_dev.o
  CC      techpack/camera/drivers/cam_icp/icp_hw/bps_hw/bps_core.o
  CC      techpack/camera/drivers/cam_isp/isp_hw_mgr/hw_utils/irq_controller/cam_irq_controller.o
  CC      kernel/bpf/percpu_freelist.o
  CC      arch/arm64/kernel/kaslr.o
  CC      fs/ext4/fsync.o
  CC      techpack/camera/drivers/cam_icp/icp_hw/ipe_hw/ipe_dev.o
  CC      drivers/base/syscore.o
  CC      kernel/time/timeconv.o
  CC      techpack/camera/drivers/cam_isp/isp_hw_mgr/isp_hw/ife_csid_hw/cam_ife_csid_dev.o
  CC      drivers/clk/qcom/clk-rcg2.o
  CC      kernel/time/timecounter.o
  CC      kernel/time/alarmtimer.o
  CC      drivers/clocksource/dummy_timer.o
  CC      techpack/audio/dsp/codecs/audio_g711mlaw.o
  CC      mm/mmu_context.o
  CC      techpack/camera/drivers/cam_icp/icp_hw/a5_hw/a5_core.o
  CC      net/can/raw.o
  CC      drivers/base/driver.o
  CC      techpack/camera/drivers/cam_isp/isp_hw_mgr/isp_hw/vfe_hw/vfe17x/cam_vfe.o
  CC      net/bridge/br_device.o
  CC      security/selinux/ss/status.o
  CC      drivers/bus/mhi/core/mhi_dtr.o
  CC      kernel/bpf/bpf_lru_list.o
  CC      techpack/camera/drivers/cam_isp/isp_hw_mgr/isp_hw/ife_csid_hw/cam_ife_csid_soc.o
  CC      crypto/skcipher.o
  CC      lib/mpi/mpih-mul.o
  CC      techpack/camera/drivers/cam_isp/isp_hw_mgr/hw_utils/cam_tasklet_util.o
  CC      block/partition-generic.o
  CC      lib/mpi/mpi-pow.o
  CC      net/bluetooth/hci_sock.o
  CC      techpack/camera/drivers/cam_isp/isp_hw_mgr/isp_hw/ife_csid_hw/cam_ife_csid_core.o
  CC      techpack/camera/drivers/cam_isp/isp_hw_mgr/isp_hw/ife_csid_hw/cam_ife_csid17x.o
  CC      kernel/sched/topology.o
  CC      techpack/camera/drivers/cam_icp/icp_hw/bps_hw/bps_soc.o
  CC      techpack/camera/drivers/cam_icp/icp_hw/ipe_hw/ipe_core.o
  CC      techpack/audio/asoc/codecs/wsa883x/wsa883x-tables.o
  CC      drivers/char/diag/diag_mux.o
  CC      kernel/bpf/lpm_trie.o
  CC      net/ipv4/netfilter/nf_nat_l3proto_ipv4.o
  CC      arch/arm64/kernel/ssbd.o
  CC      net/ipv4/route.o
  CC      net/bridge/br_fdb.o
  CC      mm/percpu.o
  CC      drivers/clk/qcom/clk-branch.o
  CC      arch/arm64/kernel/scs.o
  CC      techpack/audio/dsp/codecs/audio_hwacc_effects.o
  CC      lib/mpi/mpiutil.o
  CC      techpack/audio/dsp/codecs/audio_mp3.o
  CC      techpack/camera/drivers/cam_icp/icp_hw/a5_hw/a5_soc.o
  CC      kernel/trace/trace_events_filter.o
  CC      techpack/camera/drivers/cam_fd/fd_hw_mgr/fd_hw/cam_fd_hw_core.o
  CC      techpack/data/drivers/rmnet/perf/rmnet_perf_config.o
  CC      techpack/camera/drivers/cam_isp/isp_hw_mgr/hw_utils/cam_isp_packet_parser.o
  CC      techpack/camera/drivers/cam_fd/fd_hw_mgr/fd_hw/cam_fd_hw_soc.o
  CC      net/bluetooth/hci_sysfs.o
  CC      techpack/audio/asoc/codecs/wsa883x/wsa883x-temp-sensor.o
  CC      techpack/camera/drivers/cam_isp/isp_hw_mgr/isp_hw/vfe_hw/vfe_bus/cam_vfe_bus.o
  CC      sound/core/pcm_misc.o
  CC      techpack/camera/drivers/cam_isp/isp_hw_mgr/isp_hw/vfe_hw/vfe_top/cam_vfe_camif_lite_ver2.o
  CC      techpack/data/drivers/rmnet/perf/rmnet_perf_core.o
  CC      techpack/data/drivers/rmnet/perf/rmnet_perf_opt.o
  CC      techpack/audio/asoc/msm-lsm-client.o
  CC      fs/f2fs/data.o
  CC      drivers/char/random.o
  CC      techpack/audio/dsp/q6audio-v2.o
  CC      drivers/base/class.o
  CC      techpack/camera/drivers/cam_icp/icp_hw/ipe_hw/ipe_soc.o
  AS      arch/arm64/kernel/head.o
  CC      drivers/clk/qcom/clk-regmap-divider.o
  CC      drivers/char/diag/diag_memorydevice.o
  CC      crypto/seqiv.o
  CC      block/ioprio.o
  CC      net/core/stream.o
  CC      lib/zlib_deflate/deflate.o
  LDS     arch/arm64/kernel/vmlinux.lds
  CC      net/can/bcm.o
  CC      drivers/char/misc.o
  CC      kernel/time/posix-timers.o
  CC      net/core/scm.o
  CC      kernel/sched/stop_task.o
  CC      kernel/trace/trace_events_trigger.o
  CC      techpack/camera/drivers/cam_isp/isp_hw_mgr/cam_isp_hw_mgr.o
  CC      techpack/data/drivers/rmnet/shs/rmnet_shs_config.o
  CC      techpack/audio/dsp/codecs/audio_multi_aac.o
  CC      techpack/audio/asoc/msm-pcm-afe-v2.o
  CC      lib/zlib_deflate/deftree.o
  CC      net/bridge/br_forward.o
  CC      net/bridge/br_if.o
  CC      techpack/camera/drivers/cam_isp/isp_hw_mgr/isp_hw/vfe_hw/vfe_top/cam_vfe_top.o
  CC      sound/core/pcm_memory.o
  CC      techpack/camera/drivers/cam_isp/isp_hw_mgr/isp_hw/vfe_hw/vfe_bus/cam_vfe_bus_ver2.o
  CC      techpack/audio/asoc/msm-pcm-dtmf-v2.o
  CC      techpack/camera/drivers/cam_fd/cam_fd_dev.o
  CC      fs/ext4/hash.o
  CC      techpack/camera/drivers/cam_fd/fd_hw_mgr/cam_fd_hw_mgr.o
  CC      techpack/camera/drivers/cam_icp/cam_icp_subdev.o
  CC      techpack/audio/asoc/codecs/msm-cdc-pinctrl.o
  CC      drivers/clk/qcom/clk-regmap-mux.o
  CC      techpack/camera/drivers/cam_isp/isp_hw_mgr/isp_hw/ife_csid_hw/cam_ife_csid_lite17x.o
  CC      fs/ext4/ialloc.o
  CC      drivers/base/platform.o
  CC      fs/ext4/indirect.o
  CC      kernel/bpf/map_in_map.o
  CC      fs/ext4/inline.o
  CC      techpack/camera/drivers/cam_isp/isp_hw_mgr/isp_hw/vfe_hw/cam_vfe_soc.o
  CC      techpack/camera/drivers/cam_icp/cam_icp_context.o
  CC      lib/zlib_deflate/deflate_syms.o
  CC      drivers/char/diag/diag_usb.o
  CC      net/ipv4/netfilter/nf_nat_proto_icmp.o
  CC      net/ipv4/netfilter/nf_nat_masquerade_ipv4.o
  CC      net/ipv4/netfilter/nf_defrag_ipv4.o
  CC      net/can/gw.o
  CC      techpack/camera/drivers/cam_isp/isp_hw_mgr/isp_hw/vfe_hw/vfe_top/cam_vfe_top_common.o
  CC      techpack/display/msm/dp/dp_usbpd.o
  CC      crypto/echainiv.o
  CC      techpack/display/msm/dp/dp_parser.o
  CC      kernel/time/posix-cpu-timers.o
  CC      techpack/audio/dsp/codecs/audio_qcelp.o
  CC      mm/slab_common.o
  CC      net/bluetooth/l2cap_core.o
  CC      drivers/clk/qcom/clk-regmap-mux-div.o
  CC      drivers/char/diag/diagmem.o
  CC      sound/core/memalloc.o
  CC      techpack/audio/asoc/codecs/msm-cdc-supply.o
  CC      block/badblocks.o
  CC      drivers/cpufreq/cpufreq.o
  CC      techpack/stub/stub.o
  CC      kernel/bpf/local_storage.o
  CC      lib/zlib_inflate/inffast.o
  CC      techpack/audio/dsp/q6voice.o
  CC      techpack/camera/drivers/cam_isp/cam_isp_dev.o
  CC      kernel/trace/power-traces.o
  CC      techpack/camera/drivers/cam_isp/cam_isp_context.o
  CC      kernel/trace/rpm-traces.o
  CC      kernel/exit.o
  CC      techpack/camera/drivers/cam_isp/isp_hw_mgr/isp_hw/vfe_hw/cam_vfe_dev.o
  HOSTCC  lib/gen_crc32table
  CC      techpack/data/drivers/rmnet/perf/rmnet_perf_tcp_opt.o
  CC      techpack/data/drivers/rmnet/perf/rmnet_perf_udp_opt.o
  GEN     lib/oid_registry_data.c
  CC      lib/zlib_inflate/inflate.o
  CC      lib/zlib_inflate/infutil.o
  CC      crypto/ahash.o
  CC      lib/zlib_inflate/inftrees.o
  CC      drivers/base/cpu.o
  CC      kernel/sched/pelt.o
  CC      techpack/data/drivers/rmnet/shs/rmnet_shs_main.o
  CC      techpack/camera/drivers/cam_icp/hfi.o
  CC      techpack/audio/dsp/codecs/audio_wma.o
  CC      techpack/camera/drivers/cam_jpeg/jpeg_hw/jpeg_dma_hw/jpeg_dma_dev.o
  CC      drivers/char/diag/diagfwd_cntl.o
  CC      techpack/camera/drivers/cam_isp/isp_hw_mgr/isp_hw/vfe_hw/vfe_top/cam_vfe_top_ver3.o
  CC      techpack/camera/drivers/cam_fd/cam_fd_context.o
  CC      techpack/camera/drivers/cam_isp/isp_hw_mgr/isp_hw/vfe_hw/vfe_bus/cam_vfe_bus_rd_ver1.o
  CC      net/core/gen_stats.o
  CC      net/bridge/br_input.o
  CC      techpack/camera/drivers/cam_jpeg/cam_jpeg_dev.o
  CC      net/core/gen_estimator.o
  CC      block/blk-rq-qos.o
  CC      techpack/audio/asoc/codecs/wcd-irq.o
  CC      drivers/clk/qcom/reset.o
  CC      techpack/camera/drivers/cam_jpeg/jpeg_hw/jpeg_enc_hw/jpeg_enc_dev.o
  CC      techpack/camera/drivers/cam_jpeg/jpeg_hw/jpeg_enc_hw/jpeg_enc_core.o
In file included from ../techpack/display/msm/dp/dp_usbpd.c:12:
In file included from ../techpack/display/msm/dp/dp_debug.h:9:
In file included from ../techpack/display/msm/dp/dp_panel.h:15:
In file included from ../techpack/display/msm/sde/sde_connector.h:16:
In file included from ../techpack/display/msm/sde/sde_kms.h:27:
../techpack/display/msm/msm_kms.h:131:15: warning: declaration of 'struct msm_iris_operate_value' will not be visible outside of this function [-Wvisibility]
  131 |                             struct msm_iris_operate_value *operate_value);
      |                                    ^
In file included from ../techpack/display/msm/dp/dp_parser.c:11:
In file included from ../techpack/display/msm/dp/dp_debug.h:9:
In file included from ../techpack/display/msm/dp/dp_panel.h:15:
In file included from ../techpack/display/msm/sde/sde_connector.h:16:
In file included from ../techpack/display/msm/sde/sde_kms.h:27:
../techpack/display/msm/msm_kms.h:131:15: warning: declaration of 'struct msm_iris_operate_value' will not be visible outside of this function [-Wvisibility]
  131 |                             struct msm_iris_operate_value *operate_value);
      |                                    ^
  CC      techpack/camera/drivers/cam_jpeg/jpeg_hw/jpeg_enc_hw/jpeg_enc_soc.o
  CC      lib/zlib_inflate/inflate_syms.o
  CC      kernel/time/posix-clock.o
1 warning generated.
  CC      techpack/camera/drivers/cam_isp/isp_hw_mgr/cam_ife_hw_mgr.o
  CC      drivers/clk/qcom/clk-voter.o
  CC      sound/core/pcm_timer.o
  CC      techpack/display/pll/pll_util.o
  CC      drivers/clk/qcom/clk-dummy.o
  CC      drivers/clk/qcom/gdsc-regulator.o
1 warning generated.
  CC      kernel/softirq.o
  CC      drivers/base/firmware.o
  CC      techpack/display/msm/dp/dp_power.o
  CC      techpack/camera/drivers/cam_jpeg/jpeg_hw/cam_jpeg_hw_mgr.o
  CC      net/bluetooth/l2cap_sock.o
  CC      techpack/audio/asoc/codecs/wcd-clsh.o
  CC      techpack/camera/drivers/cam_isp/isp_hw_mgr/isp_hw/vfe_hw/vfe_top/cam_vfe_top_ver2.o
  CC      techpack/display/msm/dp/dp_catalog.o
  CC      techpack/camera/drivers/cam_jpeg/jpeg_hw/jpeg_dma_hw/jpeg_dma_core.o
  CC      techpack/audio/dsp/codecs/audio_wmapro.o
  CC      fs/ext4/inode.o
  CC      techpack/video/msm/vidc/msm_v4l2_vidc.o
  CC      techpack/display/pll/pll_drv.o
  CC      lib/lockref.o
  CC      net/ipv4/netfilter/nf_socket_ipv4.o
  CC      kernel/bpf/queue_stack_maps.o
  CC      drivers/char/diag/diag_dci.o
  CC      kernel/time/itimer.o
  CC      techpack/camera/drivers/cam_isp/isp_hw_mgr/isp_hw/vfe_hw/vfe_bus/cam_vfe_bus_ver3.o
  CC      crypto/shash.o
  CC      crypto/akcipher.o
  CC      crypto/kpp.o
  CC      mm/compaction.o
  CC      techpack/display/msm/dp/dp_catalog_v420.o
  CC      drivers/base/init.o
  CC      techpack/camera/drivers/cam_isp/isp_hw_mgr/isp_hw/vfe_hw/cam_vfe_core.o
  CC      techpack/audio/asoc/msm-pcm-hostless.o
  CC      block/scsi_ioctl.o
  CC      lib/bcd.o
  CC      kernel/trace/ipc_logging.o
  CC      fs/f2fs/node.o
  CC      techpack/audio/asoc/codecs/wcdcal-hwdep.o
  CC      lib/div64.o
  CC      techpack/audio/dsp/codecs/evrc_in.o
  CC      drivers/char/adsprpc.o
  CC      drivers/cpufreq/freq_table.o
  CC      sound/core/pcm_drm_eld.o
  CC      mm/vmacache.o
  CC      techpack/camera/drivers/cam_jpeg/jpeg_hw/jpeg_dma_hw/jpeg_dma_soc.o
  CC      drivers/base/map.o
  CC      kernel/bpf/ringbuf.o
In file included from ../techpack/display/msm/dp/dp_power.c:11:
In file included from ../techpack/display/msm/dp/dp_debug.h:9:
In file included from ../techpack/display/msm/dp/dp_panel.h:15:
In file included from ../techpack/display/msm/sde/sde_connector.h:16:
In file included from ../techpack/display/msm/sde/sde_kms.h:27:
../techpack/display/msm/msm_kms.h:131:15: warning: declaration of 'struct msm_iris_operate_value' will not be visible outside of this function [-Wvisibility]
  131 |                             struct msm_iris_operate_value *operate_value);
      |                                    ^
  CC      lib/sort.o
  CC      block/bsg.o
  CC      techpack/camera/drivers/cam_isp/isp_hw_mgr/isp_hw/vfe_hw/vfe_top/cam_vfe_camif_ver2.o
  CC      lib/parser.o
  CC      techpack/display/pll/dsi_pll_10nm.o
  CC      techpack/camera/drivers/cam_lrme/lrme_hw_mgr/lrme_hw/cam_lrme_hw_dev.o
  CC      net/core/net_namespace.o
  ASN.1   crypto/rsapubkey.asn1.c
  CC      kernel/sched/walt.o
  CC      techpack/camera/drivers/cam_lrme/lrme_hw_mgr/lrme_hw/cam_lrme_hw_core.o
  CC      techpack/display/pll/dsi_pll_7nm.o
1 warning generated.
  CC      techpack/camera/drivers/cam_lrme/lrme_hw_mgr/cam_lrme_hw_mgr.o
  CC      net/ipv4/netfilter/nf_tproxy_ipv4.o
  CC      techpack/camera/drivers/cam_lrme/cam_lrme_dev.o
  CC      drivers/clk/clk-devres.o
  CC      techpack/data/drivers/rmnet/shs/rmnet_shs_wq.o
  CC      drivers/cpuidle/cpuidle.o
  CC      drivers/clk/qcom/gdsc.o
  CC      drivers/clk/qcom/camcc-kona.o
  CC      net/bridge/br_ioctl.o
  CC      kernel/sched/boost.o
  CC      drivers/cpufreq/cpufreq_stats.o
In file included from ../techpack/display/msm/dp/dp_catalog.c:13:
In file included from ../techpack/display/msm/dp/dp_debug.h:9:
In file included from ../techpack/display/msm/dp/dp_panel.h:15:
In file included from ../techpack/display/msm/sde/sde_connector.h:16:
In file included from ../techpack/display/msm/sde/sde_kms.h:27:
../techpack/display/msm/msm_kms.h:131:15: warning: declaration of 'struct msm_iris_operate_value' will not be visible outside of this function [-Wvisibility]
  131 |                             struct msm_iris_operate_value *operate_value);
      |                                    ^
  CC      kernel/sched/sched_avg.o
  CC      net/bridge/br_stp.o
  ASN.1   crypto/rsaprivkey.asn1.c
  CC      crypto/rsa.o
  CC      techpack/video/msm/vidc/msm_v4l2_private.o
  CC      net/bridge/br_stp_bpdu.o
  CC      net/bridge/br_stp_if.o
  CC      kernel/time/clockevents.o
  CC      net/bridge/br_stp_timer.o
  CC      drivers/char/diag/diag_masks.o
In file included from ../techpack/display/msm/dp/dp_catalog_v420.c:11:
In file included from ../techpack/display/msm/dp/dp_debug.h:9:
In file included from ../techpack/display/msm/dp/dp_panel.h:15:
In file included from ../techpack/display/msm/sde/sde_connector.h:16:
In file included from ../techpack/display/msm/sde/sde_kms.h:27:
../techpack/display/msm/msm_kms.h:131:15: warning: declaration of 'struct msm_iris_operate_value' will not be visible outside of this function [-Wvisibility]
  131 |                             struct msm_iris_operate_value *operate_value);
      |                                    ^
  CC      lib/random32.o
  CC      drivers/base/devres.o
  CC      drivers/char/diag/diagfwd_bridge.o
  CC      techpack/audio/asoc/codecs/wcd9xxx-soc-init.o
  CC      fs/notify/dnotify/dnotify.o
  CC      net/bluetooth/smp.o
1 warning generated.
  CC      kernel/sched/cpuacct.o
  CC      fs/overlayfs/super.o
  CC      fs/overlayfs/namei.o
  CC      sound/core/pcm_iec958.o
  CC      techpack/camera/drivers/cam_jpeg/cam_jpeg_context.o
  CC      drivers/cpufreq/cpufreq_times.o
  CC      techpack/audio/dsp/codecs/g711alaw_in.o
  CC      techpack/display/pll/dsi_pll_28lpm.o
1 warning generated.
  CC      techpack/audio/asoc/msm-pcm-host-voice-v2.o
  CC      drivers/clk/qcom/clk-aop-qmp.o
  CC      techpack/display/msm/dp/dp_catalog_v200.o
  CC      techpack/camera/drivers/cam_isp/isp_hw_mgr/isp_hw/vfe_hw/vfe_top/cam_vfe_camif_ver3.o
  CC      block/blk-cgroup.o
  CC      kernel/time/tick-common.o
  CC      techpack/audio/asoc/codecs/wcd-dsp-utils.o
  CC      crypto/rsa_helper.o
  CC      drivers/base/attribute_container.o
  CC      lib/bust_spinlocks.o
  CC      fs/proc/task_mmu.o
  CC      kernel/bpf/bpf_inode_storage.o
  CC      kernel/bpf/disasm.o
  CC      net/bridge/br_netlink.o
  CC      crypto/rsa-pkcs1pad.o
  CC      net/bluetooth/lib.o
  CC      techpack/camera/drivers/cam_lrme/cam_lrme_context.o
  CC      techpack/camera/drivers/cam_lrme/lrme_hw_mgr/lrme_hw/cam_lrme_hw_soc.o
  CC      drivers/cpuidle/driver.o
  CC      drivers/char/adsprpc_compat.o
  CC      kernel/time/tick-broadcast.o
  CC      fs/notify/inotify/inotify_fsnotify.o
  CC      sound/core/rawmidi.o
  CC      fs/ext4/ioctl.o
  CC      mm/interval_tree.o
  CC      fs/overlayfs/util.o
  CC      drivers/base/transport_class.o
  CC      techpack/audio/asoc/codecs/wcd-dsp-mgr.o
  CC      drivers/clk/qcom/dispcc-kona.o
  CC      mm/list_lru.o
  CC      techpack/display/pll/dsi_pll_28nm_util.o
  CC      techpack/video/msm/vidc/msm_vidc_platform.o
  CC      techpack/audio/dsp/q6core.o
  CC      drivers/cpufreq/cpufreq_powersave.o
  CC      techpack/video/msm/vidc/msm_vidc_common.o
  CC      net/core/secure_seq.o
  CC      techpack/video/msm/vidc/msm_vidc.o
  CC      net/ipv4/netfilter/nf_log_ipv4.o
  CC      drivers/char/diag/diagfwd_mhi.o
  CC      drivers/cpuidle/governor.o
  CC      block/noop-iosched.o
  CC      techpack/video/msm/vidc/msm_vdec.o
  CC      techpack/audio/asoc/codecs/audio-ext-clk-up.o
  CC      techpack/audio/asoc/codecs/wsa881x.o
  CC      techpack/data/drivers/rmnet/shs/rmnet_shs_freq.o
  CC      lib/kasprintf.o
  CC      techpack/audio/dsp/q6common.o
  CC      lib/bitmap.o
  CC      techpack/audio/dsp/codecs/g711mlaw_in.o
  CC      techpack/camera/drivers/cam_isp/isp_hw_mgr/isp_hw/vfe_hw/vfe_top/cam_vfe_rdi.o
  CC      net/ipv4/netfilter/nf_reject_ipv4.o
  CC      drivers/base/topology.o
  CC      fs/notify/inotify/inotify_user.o
  CC      fs/f2fs/segment.o
  CC      fs/f2fs/recovery.o
In file included from ../techpack/display/msm/dp/dp_catalog_v200.c:10:
In file included from ../techpack/display/msm/dp/dp_debug.h:9:
In file included from ../techpack/display/msm/dp/dp_panel.h:15:
In file included from ../techpack/display/msm/sde/sde_connector.h:16:
In file included from ../techpack/display/msm/sde/sde_kms.h:27:
../techpack/display/msm/msm_kms.h:131:15: warning: declaration of 'struct msm_iris_operate_value' will not be visible outside of this function [-Wvisibility]
  131 |                             struct msm_iris_operate_value *operate_value);
      |                                    ^
  CC      drivers/crypto/msm/qce50.o
  CC      drivers/cpufreq/cpufreq_userspace.o
  CC      kernel/time/tick-broadcast-hrtimer.o
1 warning generated.
  CC      kernel/resource.o
  CC      drivers/cpufreq/cpufreq_governor_attr_set.o
  CC      drivers/clk/qcom/gcc-kona.o
  CC      techpack/audio/dsp/codecs/qcelp_in.o
  CC      techpack/display/msm/dp/dp_aux.o
  CC      fs/overlayfs/inode.o
  CC      drivers/cpuidle/sysfs.o
  CC      drivers/cpufreq/cpu-boost.o
  CC      crypto/acompress.o
  CC      drivers/cpufreq/qcom-cpufreq-hw.o
  CC      crypto/scompress.o
  CC      techpack/display/pll/dsi_pll_14nm.o
  CC      sound/core/compress_offload.o
  CC      block/deadline-iosched.o
  CC      techpack/display/pll/dsi_pll_14nm_util.o
  CC      fs/proc/inode.o
  CC      kernel/bpf/trampoline.o
  CC      fs/proc/root.o
  CC      mm/workingset.o
  CC      techpack/audio/dsp/rtac.o
  CC      drivers/base/container.o
  CC      techpack/camera/drivers/cam_isp/isp_hw_mgr/isp_hw/vfe_hw/vfe_top/cam_vfe_fe_ver1.o
  CC      techpack/camera/drivers/cam_isp/isp_hw_mgr/isp_hw/vfe_hw/vfe_top/cam_vfe_camif_lite_ver3.o
  CC      net/bluetooth/ecdh_helper.o
  CC      fs/proc/base.o
  CC      net/bluetooth/hci_request.o
  CC      crypto/algboss.o
  CC      drivers/char/okl4_pipe.o
  CC      drivers/char/vservices_serial.o
  CC      kernel/time/sched_clock.o
  CC      fs/notify/fsnotify.o
  CC      net/bridge/br_netlink_tunnel.o
  CC      net/bridge/br_arp_nd_proxy.o
  CC      lib/scatterlist.o
  CC      techpack/data/drivers/rmnet/shs/rmnet_shs_wq_mem.o
  CC      fs/overlayfs/file.o
  CC      drivers/clk/qcom/gpucc-kona.o
  CC      drivers/cpuidle/dt_idle_states.o
  CC      drivers/base/property.o
  CC      kernel/sched/cpufreq.o
  CC      techpack/audio/asoc/codecs/wsa881x-tables.o
  CC      drivers/cpuidle/cpuidle-arm.o
  CC      techpack/audio/asoc/codecs/wsa881x-regmap.o
  CC      fs/pstore/inode.o
  CC      kernel/sched/cpufreq_schedutil.o
  CC      drivers/clk/clk-bulk.o
  CC      drivers/char/vs_serial_client.o
  CC      fs/pstore/platform.o
  CC      drivers/base/cacheinfo.o
In file included from ../techpack/display/msm/dp/dp_aux.c:12:
In file included from ../techpack/display/msm/dp/dp_debug.h:9:
In file included from ../techpack/display/msm/dp/dp_panel.h:15:
In file included from ../techpack/display/msm/sde/sde_connector.h:16:
In file included from ../techpack/display/msm/sde/sde_kms.h:27:
../techpack/display/msm/msm_kms.h:131:15: warning: declaration of 'struct msm_iris_operate_value' will not be visible outside of this function [-Wvisibility]
  131 |                             struct msm_iris_operate_value *operate_value);
      |                                    ^
  CC      net/bluetooth/mgmt_util.o
  CC      techpack/display/pll/hdmi_pll_28lpm.o
  CC      techpack/display/msm/dp/dp_panel.o
  CC      net/core/flow_dissector.o
  CC      kernel/time/tick-oneshot.o
  CC      fs/notify/notification.o
  CC      techpack/audio/asoc/codecs/wsa881x-temp-sensor.o
  CC      block/cfq-iosched.o
1 warning generated.
  CC      block/mq-deadline.o
  CC      net/core/sysctl_net_core.o
  CC      fs/notify/group.o
  CC      net/core/dev.o
  CC      fs/notify/mark.o
  CC      drivers/clk/qcom/npucc-kona.o
  CC      fs/notify/fdinfo.o
  CC      net/ipv4/netfilter/nf_nat_h323.o
  CC      net/ipv4/netfilter/nf_nat_pptp.o
  CC      techpack/camera/drivers/cam_req_mgr/cam_req_mgr_core.o
  CC      net/ipv4/netfilter/nf_nat_proto_gre.o
  CC      sound/soc/codecs/hdmi-codec.o
  CC      mm/gup.o
  CC      net/ipv4/netfilter/ip_tables.o
  CC      fs/ext4/mballoc.o
  CC      drivers/cpuidle/lpm-levels.o
  CC      kernel/bpf/btf.o
  CC      lib/gcd.o
  CC      drivers/char/vs_serial_server.o
  CC      techpack/display/pll/dp_pll_7nm.o
  CC      fs/overlayfs/dir.o
  CC      techpack/camera/drivers/cam_sensor_module/cam_actuator/cam_actuator_dev.o
  CC      crypto/testmgr.o
  CC      kernel/time/tick-sched.o
  CC      techpack/camera/drivers/cam_sensor_module/cam_cci/cam_cci_dev.o
  CC      lib/lcm.o
  CC      net/bluetooth/sco.o
  CC      techpack/audio/dsp/q6lsm.o
  CC      fs/pstore/pmsg.o
  CC      lib/list_sort.o
  CC      drivers/crypto/msm/qcedev.o
  CC      fs/proc/generic.o
  CC      fs/proc/array.o
  CC      fs/proc/fd.o
In file included from   CC      techpack/data/drivers/rmnet/shs/rmnet_shs_wq_genl.o
../techpack/display/msm/dp/dp_panel.c:6:
In file included from ../techpack/display/msm/dp/dp_panel.h:15:
In file included from ../techpack/display/msm/sde/sde_connector.h:16:
In file included from ../techpack/display/msm/sde/sde_kms.h:27:
../techpack/display/msm/msm_kms.h:131:15: warning: declaration of 'struct msm_iris_operate_value' will not be visible outside of this function [-Wvisibility]
  131 |                             struct msm_iris_operate_value *operate_value);
      |                                    ^
  CC      drivers/base/devcon.o
  CC      lib/uuid.o
  CC      techpack/video/msm/vidc/msm_venc.o
  CC      drivers/clk/qcom/videocc-kona.o
  CC      fs/quota/dquot.o
  CC      techpack/audio/asoc/codecs/msm_stub.o
  CC      block/kyber-iosched.o
  DTC     arch/arm64/boot/dts/vendor/oplus/kona.dtb
  CC      lib/flex_array.o
  DTC     arch/arm64/boot/dts/vendor/oplus/kona-v2.dtb
  CC      net/core/ethtool.o
  CC      fs/ext4/migrate.o
  CC      net/core/dev_addr_lists.o
  CC      net/ipv4/netfilter/iptable_filter.o
  CC      fs/pstore/ram.o
  CC      drivers/base/module.o
  CC      fs/overlayfs/readdir.o
  CC      crypto/cmac.o
  CC      kernel/sched/membarrier.o
  CC      techpack/display/pll/dp_pll_7nm_util.o
  CC      techpack/display/pll/dp_pll_10nm.o
  CC      techpack/camera/drivers/cam_req_mgr/cam_req_mgr_dev.o
  CC      kernel/time/vsyscall.o
  CC      fs/overlayfs/copy_up.o
  CC      lib/iov_iter.o
  CC      techpack/display/rotator/sde_rotator_dev.o
  CC      net/bridge/br_sysfs_if.o
  CC      mm/memory.o
  CC      techpack/camera/drivers/cam_sensor_module/cam_cci/cam_cci_core.o
  CC      drivers/clk/clkdev.o
  CC      techpack/camera/drivers/cam_sensor_module/cam_actuator/cam_actuator_core.o
  CC      techpack/camera/drivers/cam_sensor_module/cam_actuator/cam_actuator_soc.o
  CC      drivers/base/soc.o
  CC      drivers/cpuidle/lpm-levels-of.o
  CC      drivers/clk/qcom/a53-pll.o
  CC      kernel/sysctl.o
  CC      mm/mincore.o
  CC      drivers/devfreq/devfreq.o
  CC      fs/f2fs/shrinker.o
  CC      techpack/audio/dsp/adsp_err.o
  CC      drivers/devfreq/governor_simpleondemand.o
  CC      fs/proc/proc_tty.o
  CC      techpack/audio/asoc/codecs/wcd-mbhc-v2.o
  CC      fs/pstore/ram_core.o
  CC      drivers/devfreq/governor_performance.o
  CC      fs/f2fs/extent_cache.o
  CC      net/bluetooth/a2mp.o
  CC      techpack/display/rotator/sde_rotator_core.o
  CC      crypto/hmac.o
  CC      net/bluetooth/amp.o
  CC      block/bfq-iosched.o
  CC      sound/soc/soc-core.o
  CC      kernel/sched/isolation.o
../drivers/devfreq/devfreq.c:948:18: warning: unused variable 'dev' [-Wunused-variable]
  948 |                 struct device *dev = devfreq->dev.parent;
      |                                ^~~
../drivers/devfreq/devfreq.c:1010:18: warning: unused variable 'dev' [-Wunused-variable]
 1010 |                 struct device *dev = devfreq->dev.parent;
      |                                ^~~
  CC      techpack/display/rotator/sde_rotator_base.o
  CC      drivers/crypto/msm/qcedev_smmu.o
  CC      fs/f2fs/sysfs.o
  CC      techpack/display/pll/dp_pll_10nm_util.o
  CC      fs/overlayfs/export.o
  CC      drivers/base/pinctrl.o
  CC      techpack/audio/dsp/msm_audio_ion.o
2 warnings generated.
  CC      techpack/audio/dsp/avtimer.o
  CC      techpack/audio/dsp/q6_init.o
  CC      fs/quota/quota_v2.o
  CC      net/ipv4/netfilter/iptable_mangle.o
  CC      techpack/display/pll/dp_pll_14nm.o
  CC      drivers/clk/qcom/apcs-msm8916.o
  CC      drivers/devfreq/governor_powersave.o
  CC      techpack/camera/drivers/cam_req_mgr/cam_req_mgr_util.o
  CC      kernel/bpf/dispatcher.o
  CC      fs/proc/cmdline.o
../techpack/display/rotator/sde_rotator_dev.c:2897:26: warning: unused variable 'ctx' [-Wunused-variable]
 2897 |         struct sde_rotator_ctx *ctx =
      |                                 ^~~
  CC      kernel/bpf/devmap.o
  CC      techpack/camera/drivers/cam_req_mgr/cam_req_mgr_workq.o
  CC      techpack/audio/asoc/codecs/wcd-mbhc-adc.o
  CC      fs/ext4/mmp.o
  CC      net/ipv4/inetpeer.o
  CC      lib/clz_ctz.o
  CC      techpack/audio/dsp/voice_mhi.o
  CC      techpack/camera/drivers/cam_sensor_module/cam_csiphy/cam_csiphy_soc.o
  CC      techpack/camera/drivers/cam_sensor_module/cam_cci/cam_cci_soc.o
  CC      fs/proc/consoles.o
  CC      drivers/base/platform-msi.o
  CC      net/bridge/br_sysfs_br.o
  CC      drivers/devfreq/governor_userspace.o
1 warning generated.
  CC      techpack/audio/asoc/codecs/msm_hdmi_codec_rx.o
1 warning generated.
  CC      lib/bsearch.o
../kernel/sysctl.c:248:12: warning: unused function 'sysctl_sched_lib_name_handler' [-Wunused-function]
  248 | static int sysctl_sched_lib_name_handler(struct ctl_table *table, int write,
      |            ^~~~~~~~~~~~~~~~~~~~~~~~~~~~~
  CC      lib/find_bit.o
  DTC     arch/arm64/boot/dts/vendor/oplus/kona-v2.1.dtb
  CC      techpack/display/msm/dp/dp_link.o
  CC      fs/quota/quota_tree.o
  CC      crypto/xcbc.o
  CC      techpack/display/rotator/sde_rotator_formats.o
  CC      net/ipv4/protocol.o
  CC      techpack/audio/dsp/digital-cdc-rsc-mgr.o
  CC      drivers/clk/qcom/clk-rpmh.o
  CC      techpack/audio/dsp/usf.o
  CC      crypto/crypto_null.o
  CC      drivers/clk/qcom/clk-spmi-pmic-div.o
  CC      fs/ext4/move_extent.o
  CC      drivers/dma-buf/dma-buf.o
  CC      drivers/dma/qcom/gpi.o
1 warning generated.
  CC      net/ipv4/netfilter/iptable_nat.o
  CC      net/ipv6/netfilter/ip6_tables.o
  CC      net/ipv6/netfilter/ip6table_filter.o
  CC      drivers/crypto/msm/qcrypto.o
  CC      drivers/devfreq/governor_passive.o
  CC      net/ipv6/netfilter/ip6table_mangle.o
  CC      drivers/base/arch_topology.o
  CC      drivers/edac/edac_mc.o
  CC      techpack/camera/drivers/cam_req_mgr/cam_mem_mgr.o
  CC      fs/proc/cpuinfo.o
  CC      techpack/camera/drivers/cam_req_mgr/cam_req_mgr_timer.o
  CC      kernel/sched/core_ctl.o
  CC      techpack/camera/drivers/cam_req_mgr/cam_req_mgr_debug.o
  CC      drivers/edac/edac_device.o
  CC      net/ipv4/netfilter/iptable_raw.o
  CC      drivers/edac/edac_mc_sysfs.o
  CC      techpack/camera/drivers/cam_sensor_module/cam_eeprom/cam_eeprom_dev.o
  CC      drivers/clk/clk.o
  CC      drivers/edac/edac_module.o
  CC      mm/mlock.o
  CC      fs/f2fs/debug.o
  CC      net/ipv4/netfilter/iptable_security.o
  CC      net/ipv4/netfilter/ipt_ah.o
  CC      net/ipv6/netfilter/ip6table_raw.o
  CC      lib/llist.o
  CC      lib/memweight.o
In file included from ../techpack/display/msm/dp/dp_link.c:7:
In file included from ../techpack/display/msm/dp/dp_panel.h:15:
In file included from ../techpack/display/msm/sde/sde_connector.h:16:
In file included from ../techpack/display/msm/sde/sde_kms.h:27:
../techpack/display/msm/msm_kms.h:131:15: warning: declaration of 'struct msm_iris_operate_value' will not be visible outside of this function [-Wvisibility]
  131 |                             struct msm_iris_operate_value *operate_value);
      |                                    ^
  CC      crypto/md5.o
  CC      block/bfq-wf2q.o
  CC      techpack/audio/asoc/msm-pcm-loopback-v2.o
  CC      crypto/sha1_generic.o
  CC      drivers/devfreq/bimc-bwmon.o
  CC      crypto/sha256_generic.o
  CC      fs/quota/quota.o
  CC      sound/soc/soc-dapm.o
  CC      fs/quota/kqid.o
  CC      techpack/camera/drivers/cam_sensor_module/cam_csiphy/cam_csiphy_dev.o
  CC      kernel/bpf/cpumap.o
  CC      techpack/display/rotator/sde_rotator_util.o
  CC      techpack/audio/asoc/msm-pcm-q6-noirq.o
  CC      techpack/audio/dsp/usfcdev.o
  CC      fs/ext4/namei.o
  CC      lib/kfifo.o
1 warning generated.
  CC      fs/proc/devices.o
  CC      techpack/display/msm/dp/dp_ctrl.o
  CC      drivers/dma-buf/dma-fence.o
  CC      fs/ext4/page-io.o
  CC      net/ipv6/netfilter/nf_defrag_ipv6_hooks.o
  CC      drivers/devfreq/arm-memlat-mon.o
  CC      drivers/devfreq/governor_bw_hwmon.o
  CC      net/bridge/br_multicast.o
  CC      net/core/dst.o
  CC      drivers/crypto/msm/ice.o
  CC      mm/mmap.o
  CC      drivers/clk/clk-divider.o
  CC      net/ipv4/ip_input.o
  CC      techpack/camera/drivers/cam_sensor_module/cam_eeprom/cam_eeprom_core.o
  CC      net/core/netevent.o
  CC      techpack/display/msm/dp/dp_audio.o
  CC      fs/proc/interrupts.o
  CC      kernel/sched/psi.o
  CC      block/bfq-cgroup.o
  CC      drivers/edac/edac_device_sysfs.o
  CC      drivers/esoc/esoc_bus.o
  CC      drivers/extcon/extcon.o
  DTC     arch/arm64/boot/dts/vendor/oplus/kona-instantnoodle-overlay.dtbo
  CC      techpack/camera/drivers/cam_sensor_module/cam_csiphy/cam_csiphy_core.o
  CC      lib/percpu-refcount.o
../sound/soc/soc-dapm.c:1011:31: warning: unused variable 'dapm' [-Wunused-variable]
 1011 |         struct snd_soc_dapm_context *dapm = w->dapm;
      |                                      ^~~~
  CC      lib/rhashtable.o
  CC      block/compat_ioctl.o
  CC      drivers/esoc/esoc_dev.o
  CC      drivers/dma/dmaengine.o
  CC      fs/f2fs/xattr.o
  CC      techpack/display/rotator/sde_rotator_io_util.o
  CC      fs/f2fs/acl.o
  CC      fs/quota/netlink.o
In file included from ../techpack/display/msm/dp/dp_ctrl.c:11:
In file included from ../techpack/display/msm/dp/dp_ctrl.h:10:
In file included from ../techpack/display/msm/dp/dp_panel.h:15:
In file included from ../techpack/display/msm/sde/sde_connector.h:16:
In file included from ../techpack/display/msm/sde/sde_kms.h:27:
../techpack/display/msm/msm_kms.h:131:15: warning: declaration of 'struct msm_iris_operate_value' will not be visible outside of this function [-Wvisibility]
  131 |                             struct msm_iris_operate_value *operate_value);
      |                                    ^
  CC      block/blk-mq-pci.o
  CC      crypto/sha512_generic.o
  CC      net/ipv4/ip_fragment.o
  CC      techpack/audio/dsp/q6usm.o
  CC      drivers/dma-buf/dma-fence-array.o
  CC      net/ipv4/netfilter/ipt_rpfilter.o
../drivers/devfreq/governor_bw_hwmon.c:539:17: warning: unused variable 'dev' [-Wunused-variable]
  539 |         struct device *dev = df->dev.parent;
      |                        ^~~
../drivers/devfreq/governor_bw_hwmon.c:603:17: warning: unused variable 'dev' [-Wunused-variable]
  603 |         struct device *dev = df->dev.parent;
      |                        ^~~
  CC      techpack/video/msm/vidc/msm_cvp_internal.o
  CC      fs/proc/loadavg.o
../drivers/crypto/msm/ice.c  CC      sound/soc/soc-jack.o
:837:17: warning: unused variable 'dev' [-Wunused-variable]
  837 |         struct device *dev = ice->pdev;
      |                        ^~~
  CC      techpack/camera/drivers/cam_sensor_module/cam_eeprom/cam_eeprom_soc.o
  CC      techpack/audio/asoc/msm-pcm-q6-v2.o
  CC      drivers/devfreq/governor_cache_hwmon.o
  CC      kernel/sysctl_binary.o
  CC      kernel/capability.o
  CC      net/bridge/br_mdb.o
2 warnings generated.
1 warning generated.
  DTC     arch/arm64/boot/dts/vendor/oplus/kona-instantnoodlep-overlay.dtbo
  CC      kernel/ptrace.o
  CC      kernel/bpf/bpf_local_storage.o
  CC      kernel/bpf/offload.o
  CC      kernel/bpf/net_namespace.o
1 warning generated.
  CC      drivers/clk/clk-fixed-factor.o
  CC      fs/proc/meminfo.o
  CC      net/key/af_key.o
  CC      drivers/edac/wq.o
In file included from ../techpack/display/msm/dp/dp_audio.c:13:
In file included from ../techpack/display/msm/dp/dp_audio.h:11:
In file included from ../techpack/display/msm/dp/dp_panel.h:15:
In file included from ../techpack/display/msm/sde/sde_connector.h:16:
In file included from ../techpack/display/msm/sde/sde_kms.h:27:
../techpack/display/msm/msm_kms.h:131:15: warning: declaration of 'struct msm_iris_operate_value' will not be visible outside of this function [-Wvisibility]
  131 |                             struct msm_iris_operate_value *operate_value);
      |                                    ^
  CC      drivers/esoc/esoc_client.o
  CC      techpack/display/rotator/sde_rotator_smmu.o
  CC      net/ipv6/af_inet6.o
  CC      drivers/dma-buf/reservation.o
  CC      net/core/neighbour.o
1 warning generated.
  CC      drivers/extcon/devres.o
1 warning generated.
  CC      drivers/dma-buf/seqno-fence.o
  CC      net/ipv6/netfilter/nf_conntrack_reasm.o
  CC      techpack/display/msm/dp/dp_debug.o
  CC      sound/soc/soc-utils.o
  CC      techpack/audio/dsp/adsp-loader.o
  CC      drivers/dma-buf/sync_file.o
  CC      lib/reciprocal_div.o
  CC      mm/mmu_gather.o
  CC      block/keyslot-manager.o
  CC      net/ipv4/netfilter/ipt_MASQUERADE.o
  CC      techpack/audio/dsp/audio_pdr.o
  CC      drivers/gpio/devres.o
  CC      crypto/gf128mul.o
  CC      crypto/ecb.o
  CC      drivers/dma/virt-dma.o
  CC      techpack/audio/dsp/audio_notifier.o
  CC      crypto/cbc.o
  CC      fs/ext4/readpage.o
  CC      drivers/firmware/psci.o
  CC      lib/once.o
  CC      fs/f2fs/verity.o
../drivers/devfreq/governor_cache_hwmon.c:263:17: warning: unused variable 'dev' [-Wunused-variable]
  263 |         struct device *dev = df->dev.parent;
      |                        ^~~
  CC      drivers/clk/clk-fixed-rate.o
1 warning generated.
  CC      drivers/extcon/extcon-gpio.o
  CC      techpack/audio/dsp/audio_ssr.o
  DTC     arch/arm64/boot/dts/vendor/oplus/kona-kebab-overlay.dtbo
  CC      drivers/devfreq/governor_memlat.o
  CC      kernel/sched/tune_dummy.o
  CC      drivers/edac/edac_pci.o
  CC      drivers/edac/edac_pci_sysfs.o
  CC      techpack/camera/drivers/cam_sensor_module/cam_flash/cam_flash_dev.o
  CC      fs/f2fs/iostat.o
  CC      techpack/video/msm/vidc/msm_smem.o
  CC      techpack/camera/drivers/cam_sensor_module/cam_ois/cam_ois_dev.o
  CC      fs/proc/stat.o
  CC      drivers/esoc/esoc-mdm-pon.o
  CC      techpack/video/msm/vidc/msm_vidc_debug.o
  CC      techpack/camera/drivers/cam_sensor_module/cam_res_mgr/cam_res_mgr.o
  DTC     arch/arm64/boot/dts/vendor/oplus/kona-lemonades-overlay.dtbo
  CC      techpack/camera/drivers/cam_sensor_module/cam_flash/cam_flash_core.o
  CC      sound/soc/soc-pcm.o
  CC      net/l2tp/l2tp_core.o
  CC      lib/refcount.o
  CC      techpack/display/rotator/sde_rotator_r1_wb.o
  CC      techpack/camera/drivers/cam_sensor_module/cam_flash/cam_flash_soc.o
  CC      net/l2tp/l2tp_ppp.o
  CC      drivers/extcon/extcon-usb-gpio.o
  CC      drivers/clk/clk-gate.o
  CC      net/core/rtnetlink.o
  CC      drivers/dma/of-dma.o
  CC      net/llc/llc_core.o
  CC      block/bio-crypt-ctx.o
  CC      techpack/audio/asoc/msm-pcm-routing-v2.o
  CC      drivers/gpio/gpiolib.o
  CC      mm/mprotect.o
  CC      drivers/gpio/gpiolib-legacy.o
  CC      drivers/edac/kryo_arm64_edac.o
  CC      lib/usercopy.o
  CC      net/core/utils.o
  CC      drivers/esoc/esoc-mdm-4x.o
  CC      fs/proc/uptime.o
  CC      fs/proc/util.o
  CC      crypto/cts.o
In file included from ../techpack/display/msm/dp/dp_debug.c:13:
In file included from ../techpack/display/msm/dp/dp_debug.h:9:
In file included from ../techpack/display/msm/dp/dp_panel.h:15:
In file included from ../techpack/display/msm/sde/sde_connector.h:16:
In file included from ../techpack/display/msm/sde/sde_kms.h:27:
../techpack/display/msm/msm_kms.h:131:15: warning: declaration of 'struct msm_iris_operate_value' will not be visible outside of this function [-Wvisibility]
  131 |                             struct msm_iris_operate_value *operate_value);
      |                                    ^
  CC      net/ipv6/netfilter/nf_socket_ipv6.o
  CC      kernel/bpf/stackmap.o
../drivers/esoc/esoc-mdm-pon.c:260:17: warning: unused variable 'dev' [-Wunused-variable]
  260 |         struct device *dev = mdm->dev;
      |                        ^~~
  CC      fs/ext4/resize.o
  CC      kernel/bpf/cgroup.o
1 warning generated.
  CC      techpack/camera/drivers/cam_sensor_module/cam_ois/cam_ois_core.o
  CC      drivers/firmware/qcom_scm.o
  CC      techpack/camera/drivers/cam_sensor_module/cam_ois/cam_ois_soc.o
  CC      net/core/link_watch.o
1 warning generated.
  CC      techpack/display/rotator/sde_rotator_r1_pipe.o
  CC      fs/proc/version.o
  CC      net/llc/llc_input.o
  CC      drivers/firmware/qcom_scm-64.o
  CC      drivers/devfreq/governor_msm_adreno_tz.o
  CC      techpack/display/msm/dp/dp_hpd.o
../drivers/devfreq/governor_memlat.c:147:17: warning: unused variable 'dev' [-Wunused-variable]
  147 |         struct device *dev = df->dev.parent;
      |                        ^~~
../drivers/devfreq/governor_memlat.c:181:17: warning: unused variable 'dev' [-Wunused-variable]
  181 |         struct device *dev = df->dev.parent;
      |                        ^~~
  CC      net/ipv4/netfilter/ipt_REJECT.o
  CC      drivers/clk/clk-multiplier.o
  CC      sound/usb/card.o
2 warnings generated.
../sound/soc/soc-pcm.c:353:30: warning: unused variable 'rtd' [-Wunused-variable]
  353 |         struct snd_soc_pcm_runtime *rtd = substream->private_data;
      |                                     ^~~
  CC      net/ipv4/netfilter/arp_tables.o
  CC      lib/errseq.o
  CC      kernel/bpf/reuseport_array.o
  CC      mm/mremap.o
  CC      mm/msync.o
  CC      kernel/bpf/bpf_struct_ops.o
../drivers/esoc/esoc-mdm-4x.c:714:17: warning: unused variable 'dev' [-Wunused-variable]
  714 |         struct device *dev = mdm->dev;
      |                        ^~~
  CC      kernel/bpf/bpf_lsm.o
  CC      net/netfilter/core.o
  CC      net/netlink/af_netlink.o
  CC      block/blk-crypto.o
  CC      net/netlink/genetlink.o
1 warning generated.
  CC      net/packet/af_packet.o
  CC      lib/bucket_locks.o
  CC      drivers/esoc/esoc-mdm-drv.o
  CC      sound/usb/clock.o
  CC      techpack/video/msm/vidc/msm_vidc_res_parse.o
  CC      techpack/camera/drivers/cam_smmu/cam_smmu_api.o
  CC      techpack/camera/drivers/cam_sync/cam_sync.o
  CC      drivers/clk/clk-mux.o
  CC      techpack/camera/drivers/cam_utils/cam_soc_util.o
  CC      techpack/camera/drivers/cam_utils/cam_io_util.o
  CC      techpack/display/rotator/sde_rotator_r1_ctl.o
  CC      fs/proc/softirqs.o
  CC      crypto/xts.o
  CC      lib/string_helpers.o
  CC      techpack/video/msm/vidc/hfi_common.o
1 warning generated.
  CC      sound/soc/soc-io.o
  CC      sound/usb/endpoint.o
  CC      sound/usb/format.o
  CC      kernel/user.o
  CC      techpack/display/msm/dp/dp_gpio_hpd.o
  CC      net/llc/llc_output.o
  CC      drivers/clk/clk-composite.o
  CC      drivers/devfreq/governor_bw_vbif.o
  CC      sound/soc/soc-devres.o
  CC      crypto/ctr.o
  CC      techpack/camera/drivers/cam_sensor_module/cam_sensor/cam_sensor_dev.o
  CC      block/blk-crypto-fallback.o
  CC      drivers/gpio/gpiolib-devprop.o
  CC      crypto/gcm.o
In file included from ../techpack/display/msm/dp/dp_hpd.c:15:
In file included from ../techpack/display/msm/dp/dp_debug.h:9:
In file included from ../techpack/display/msm/dp/dp_panel.h:15:
In file included from ../techpack/display/msm/sde/sde_connector.h:16:
In file included from ../techpack/display/msm/sde/sde_kms.h:27:
../techpack/display/msm/msm_kms.h:131:15: warning: declaration of 'struct msm_iris_operate_value' will not be visible outside of this function [-Wvisibility]
  131 |                             struct msm_iris_operate_value *operate_value);
      |                                    ^
  CC      drivers/gpio/gpiolib-of.o
1 warning generated.
  CC      net/l2tp/l2tp_ip.o
  CC      techpack/audio/asoc/msm-pcm-voice-v2.o
  CC      crypto/ccm.o
  CC      drivers/gpio/gpiolib-sysfs.o
  CC      mm/page_vma_mapped.o
  CC      net/ipv6/netfilter/nf_tproxy_ipv6.o
  CC      sound/soc/soc-ops.o
  CC      fs/ramfs/inode.o
  CC      sound/usb/helper.o
  CC      fs/proc/namespaces.o
  CC      sound/usb/mixer.o
  CC      techpack/display/rotator/sde_rotator_r1.o
  CC      fs/ext4/super.o
  CC      mm/pagewalk.o
  CC      lib/hexdump.o
  CC      net/ipv6/netfilter/nf_log_ipv6.o
  CC      net/netfilter/nf_log.o
  CC      net/ipv6/netfilter/nf_reject_ipv6.o
  CC      net/core/filter.o
  CC      techpack/camera/drivers/cam_sync/cam_sync_util.o
  CC      drivers/devfreq/governor_gpubw_mon.o
  CC      drivers/clk/clk-fractional-divider.o
  CC      net/ipv6/netfilter/nf_dup_ipv6.o
  CC      drivers/gpu/drm/bridge/lt9611uxc.o
  CC      net/netfilter/nf_queue.o
  CC      crypto/chacha20poly1305.o
  CC      drivers/clk/clk-gpio.o
  CC      lib/kstrtox.o
In file included from ../techpack/display/msm/dp/dp_gpio_hpd.c:16:
In file included from ../techpack/display/msm/dp/dp_debug.h:9:
In file included from ../techpack/display/msm/dp/dp_panel.h:15:
In file included from ../techpack/display/msm/sde/sde_connector.h:16:
In file included from ../techpack/display/msm/sde/sde_kms.h:27:
../techpack/display/msm/msm_kms.h:131:15: warning: declaration of 'struct msm_iris_operate_value' will not be visible outside of this function [-Wvisibility]
  131 |                             struct msm_iris_operate_value *operate_value);
      |                                    ^
  CC      sound/usb/mixer_quirks.o
  CC      fs/ramfs/file-mmu.o
  CC      fs/proc/self.o
  CC      drivers/hid/usbhid/hid-core.o
1 warning generated.
  CC      drivers/hid/usbhid/hiddev.o
  CC      fs/proc/thread_self.o
  CC      net/ipv6/netfilter/ip6t_rpfilter.o
  CC      techpack/camera/drivers/cam_utils/cam_packet_util.o
  CC      techpack/display/msm/dp/dp_lphw_hpd.o
  CC      fs/proc/proc_sysctl.o
  CC      net/ipv4/netfilter/arpt_mangle.o
  CC      net/ipv6/anycast.o
  CC      techpack/display/msm/dp/dp_display.o
  CC      techpack/camera/drivers/cam_sensor_module/cam_sensor/cam_sensor_core.o
  CC      fs/proc/proc_net.o
  DTBOIMG arch/arm64/boot/dtbo.img
  CC      fs/proc/kmsg.o
  CC      net/l2tp/l2tp_netlink.o
  CC      kernel/signal.o
  CC      sound/soc/soc-compress.o
  CC      net/ipv4/ip_forward.o
  CC      net/qrtr/qrtr.o
  CC      net/rfkill/core.o
  CC      net/sched/sch_generic.o
  CC      net/qrtr/smd.o
  CC      drivers/devfreq/governor_cdsp_l3.o
  CC      net/sctp/sm_statetable.o
  CC      lib/pci_iomap.o
  CC      mm/pgtable-generic.o
  CC      fs/proc/page.o
  CC      techpack/audio/asoc/msm-pcm-voip-v2.o
  CC      drivers/clk/clk-conf.o
  CC      lib/iomap_copy.o
  CC      net/sctp/sm_statefuns.o
  CC      techpack/display/rotator/sde_rotator_r3.o
  CC      net/ipv6/netfilter/ip6t_REJECT.o
  CC      net/sctp/sm_sideeffect.o
  CC      net/sctp/protocol.o
  CC      net/ipv6/ip6_output.o
  CC      net/ipv6/ip6_input.o
  CC      fs/ext4/symlink.o
  CC      crypto/cryptd.o
  CC      drivers/clk/clk-xgene.o
  CC      net/ipv6/addrconf.o
  CC      sound/usb/mixer_scarlett.o
  CC      net/netfilter/nf_sockopt.o
  CC      drivers/devfreq/devfreq_qcom_fw.o
  CC      drivers/hid/hid-core.o
  CC      drivers/devfreq/devfreq_devbw.o
  CC      net/ipv4/netfilter/arptable_filter.o
  CC      techpack/display/rotator/sde_rotator_sync.o
  CC      techpack/camera/drivers/cam_utils/cam_debug_util.o
  CC      drivers/gpu/drm/drm_dp_helper.o
  CC      techpack/camera/drivers/cam_sensor_module/cam_sensor/cam_sensor_soc.o
In file included from ../techpack/display/msm/dp/dp_lphw_hpd.c:16:
In file included from ../techpack/display/msm/dp/dp_debug.h:9:
In file included from ../techpack/display/msm/dp/dp_panel.h:15:
In file included from ../techpack/display/msm/sde/sde_connector.h:16:
In file included from ../techpack/display/msm/sde/sde_kms.h:27:
../techpack/display/msm/msm_kms.h:131:15: warning: declaration of 'struct msm_iris_operate_value' will not be visible outside of this function [-Wvisibility]
  131 |                             struct msm_iris_operate_value *operate_value);
      |                                    ^
In file included from ../techpack/display/msm/dp/dp_display.c:17:
In file included from ../techpack/display/msm/sde/sde_connector.h:16:
In file included from ../techpack/display/msm/sde/sde_kms.h:27:
../techpack/display/msm/msm_kms.h:131:15: warning: declaration of 'struct msm_iris_operate_value' will not be visible outside of this function [-Wvisibility]
  131 |                             struct msm_iris_operate_value *operate_value);
      |                                    ^
  CC      drivers/gpu/drm/drm_dp_mst_topology.o
  CC      drivers/gpu/drm/drm_dp_dual_mode_helper.o
  CC      kernel/sys.o
1 warning generated.
  CC      lib/devres.o
  CC      techpack/camera/drivers/cam_utils/cam_trace.o
  CC      techpack/display/msm/dp/dp_drm.o
  CC      sound/usb/mixer_us16x08.o
  DTC     arch/arm64/boot/dts/vendor/oplus/kona.dtb
  CC      techpack/audio/asoc/msm-transcode-loopback-q6-v2.o
  CC      crypto/des_generic.o
  CC      crypto/twofish_generic.o
  CC      mm/rmap.o
  CC      fs/sdcardfs/dentry.o
  CC      drivers/hid/hid-input.o
  CC      crypto/twofish_common.o
  CC      drivers/gpu/drm/drm_crtc_helper.o
  CC      net/qrtr/mhi.o
  CC      techpack/camera/drivers/cam_utils/cam_common_util.o
1 warning generated.
  CC      techpack/camera/drivers/cam_utils/cam_cx_ipeak.o
  CC      crypto/aes_generic.o
  CC      net/l2tp/l2tp_eth.o
  DTC     arch/arm64/boot/dts/vendor/oplus/kona-v2.dtb
  CC      fs/ext4/sysfs.o
  CC      net/ipv4/netfilter/nf_dup_ipv4.o
  CC      lib/logic_pio.o
  CC      mm/vmalloc.o
  CC      net/l2tp/l2tp_ip6.o
  CC      net/sctp/endpointola.o
  CC      techpack/audio/asoc/platform_init.o
  CC      fs/ext4/xattr.o
  CC      techpack/video/msm/vidc/hfi_ar50.o
  DTC     arch/arm64/boot/dts/vendor/oplus/kona-v2.1.dtb
  CC      net/ipv4/ip_options.o
  CC      techpack/camera/drivers/cam_sensor_module/cam_sensor_io/cam_sensor_io.o
  CC      drivers/devfreq/devfreq_simple_dev.o
  CC      net/netfilter/utils.o
In file included from ../techpack/display/msm/dp/dp_drm.c:11:
../techpack/display/msm/msm_kms.h:131:15: warning: declaration of 'struct msm_iris_operate_value' will not be visible outside of this function [-Wvisibility]
  131 |                             struct msm_iris_operate_value *operate_value);
      |                                    ^
  CC      techpack/camera/drivers/cam_sensor_module/cam_sensor_utils/cam_sensor_util.o
  CC      sound/usb/pcm.o
  CC      net/unix/af_unix.o
  CC      crypto/arc4.o
  CC      net/unix/garbage.o
  CC      net/sched/sch_mq.o
  CC      techpack/video/msm/vidc/hfi_ar50_lt.o
1 warning generated.
  CC      net/ipv4/ip_output.o
  CC      net/ipv6/addrlabel.o
  CC      techpack/display/msm/dp/dp_hdcp2p2.o
  CC      fs/ext4/xattr_trusted.o
  CC      lib/hweight.o
  CC      drivers/gpu/drm/drm_probe_helper.o
  CC      crypto/chacha_generic.o
  CC      techpack/audio/asoc/msm-pcm-routing-devdep.o
  CC      drivers/hid/hid-quirks.o
  CC      techpack/camera/drivers/cam_sensor_module/cam_sensor_io/cam_sensor_cci_i2c.o
  CC      net/sched/sch_api.o
  CC      net/ipv6/route.o
  CC      fs/ext4/xattr_user.o
  CC      lib/assoc_array.o
  CC      lib/list_debug.o
  CC      fs/sdcardfs/file.o
  CC      kernel/umh.o
  CC      net/ipv4/ip_sockglue.o
  CC      lib/bitrev.o
  CC      net/netfilter/nfnetlink.o
  CC      crypto/poly1305_generic.o
  CC      net/ipv6/ip6_fib.o
  CC      techpack/audio/asoc/msm-qti-pp-config.o
  CC      crypto/deflate.o
  CC      drivers/hid/hidraw.o
  CC      net/ipv6/ipv6_sockglue.o
  CC      sound/usb/power.o
  CC      drivers/hid/uhid.o
  CC      net/sctp/associola.o
  CC      kernel/workqueue.o
  CC      net/sctp/transport.o
In file included from ../techpack/display/msm/dp/dp_hdcp2p2.c:16:
In file included from ../techpack/display/msm/sde_hdcp_2x.h:9:
In file included from ../techpack/display/msm/sde_hdcp.h:21:
In file included from ../techpack/display/msm/sde/sde_kms.h:27:
../techpack/display/msm/msm_kms.h:131:15: warning: declaration of 'struct msm_iris_operate_value' will not be visible outside of this function [-Wvisibility]
  131 |                             struct msm_iris_operate_value *operate_value);
      |                                    ^
  CC      mm/process_vm_access.o
  CC      sound/sound_core.o
  CC      drivers/gpu/drm/drm_plane_helper.o
  CC      kernel/pid.o
  CC      sound/last.o
  CC      techpack/video/msm/vidc/hfi_iris1.o
  CC      techpack/camera/drivers/cam_sensor_module/cam_sensor_io/cam_sensor_qup_i2c.o
  CC      net/core/sock_diag.o
  CC      drivers/devfreq/devfreq_qcom_qoslat.o
  CC      net/netfilter/nfnetlink_queue.o
1 warning generated.
  CC      net/sched/sch_blackhole.o
  CC      net/sched/cls_api.o
  CC      net/ipv4/inet_hashtables.o
  CC      fs/sdcardfs/inode.o
  CC      techpack/video/msm/vidc/hfi_iris2.o
  CC      techpack/display/msm/dp/dp_mst_drm.o
  CC      techpack/video/msm/vidc/hfi_response_handler.o
  CC      lib/rational.o
  CC      fs/sdcardfs/main.o
  CC      fs/sdcardfs/super.o
  CC      crypto/crc32c_generic.o
  CC      sound/usb/proc.o
  CC      fs/ext4/acl.o
  CC      drivers/gpu/msm/kgsl.o
  CC      lib/crc-ccitt.o
  CC      techpack/camera/drivers/cam_sensor_module/cam_sensor_io/cam_sensor_spi.o
  CC      fs/sysfs/file.o
  GEN     net/wireless/shipped-certs.c
  CC      drivers/hwmon/hwmon.o
  CC      fs/tracefs/inode.o
  CC      net/wireless/core.o
  CC      fs/ext4/xattr_security.o
  CC      net/wireless/sysfs.o
  CC      net/wireless/radiotap.o
  CAT     arch/arm64/boot/dtb
  CC      drivers/devfreq/governor_staticmap.o
  CC      net/wireless/util.o
  CC      kernel/task_work.o
  CC      drivers/hid/hid-generic.o
  CC      techpack/audio/asoc/kona.o
  CC      drivers/gpu/trace/trace_gpu_mem.o
  CC      net/unix/sysctl_net_unix.o
  CC      fs/sysfs/dir.o
  CC      lib/crc16.o
  CC      mm/showmem.o
  CC      net/core/dev_ioctl.o
  SHIPPED fs/unicode/utf8data.h
  CC      fs/unicode/utf8-core.o
  CC      net/xdp/xsk.o
  CC      drivers/gpu/drm/drm_atomic_helper.o
  CC      fs/ext4/verity.o
  CC      net/sctp/chunk.o
  CC      crypto/crc32_generic.o
  CC      fs/verity/enable.o
  CC      fs/sdcardfs/lookup.o
  CC      net/sctp/sm_make_chunk.o
In file included from ../techpack/display/msm/dp/dp_mst_drm.c:39:
../techpack/display/msm/msm_kms.h:131:15: warning: declaration of 'struct msm_iris_operate_value' will not be visible outside of this function [-Wvisibility]
  131 |                             struct msm_iris_operate_value *operate_value);
      |                                    ^
  CC      sound/usb/quirks.o
  CC      fs/sysfs/symlink.o
  CC      net/xfrm/xfrm_policy.o
  CC      net/xfrm/xfrm_state.o
  CC      net/xdp/xdp_umem.o
  CC      net/xfrm/xfrm_hash.o
  CC      kernel/extable.o
  CC      drivers/hid/hid-apple.o
  CC      net/unix/scm.o
  CC      net/core/tso.o
  CC      lib/libcrc32c.o
  CC      techpack/display/msm/sde/sde_crtc.o
  CC      net/ipv4/inet_timewait_sock.o
1 warning generated.
  CC      mm/vmpressure.o
  CC      kernel/params.o
  CC      net/wireless/reg.o
  CC      mm/init-mm.o
  CC      drivers/hid/hid-betopff.o
  CC      fs/sdcardfs/mmap.o
  CC      fs/unicode/utf8-norm.o
  CC      drivers/hid/hid-dr.o
  CC      net/ipv4/inet_connection_sock.o
  CC      drivers/hid/hid-elecom.o
  CC      drivers/hid/hid-magicmouse.o
  CC      techpack/display/msm/sde/sde_encoder.o
  CC      net/ipv4/tcp.o
  CC      net/sched/act_api.o
  CC      techpack/video/msm/vidc/hfi_packetization.o
  CC      net/netfilter/nfnetlink_log.o
  CC      crypto/authenc.o
  CC      mm/nobootmem.o
  CC      mm/madvise.o
  CC      techpack/video/msm/vidc/vidc_hfi.o
  CC      fs/sysfs/mount.o
  CC      net/netfilter/nf_conntrack_core.o
  CC      sound/usb/stream.o
  CC      crypto/authencesn.o
  CC      crypto/lz4.o
  CC      lib/crc8.o
  CC      techpack/video/msm/vidc/msm_vidc_clocks.o
  CC      net/core/sock_reuseport.o
  CC      net/socket.o
  CC      net/compat.o
  CC      fs/verity/hash_algs.o
  CC      net/sysctl_net.o
  CC      net/xdp/xsk_queue.o
  CC      fs/sdcardfs/packagelist.o
  CC      fs/verity/init.o
  CC      net/ipv6/ndisc.o
  CC      net/xdp/xskmap.o
  CC      crypto/rng.o
  CC      drivers/hid/hid-microsoft.o
  CC      drivers/hid/hid-multitouch.o
  CC      drivers/gpu/msm/kgsl_drawobj.o
  CC      net/ipv6/udp.o
In file included from ../techpack/display/msm/sde/sde_crtc.c:31:
In file included from ../techpack/display/msm/sde/sde_kms.h:27:
../techpack/display/msm/msm_kms.h:131:15: warning: declaration of 'struct msm_iris_operate_value' will not be visible outside of this function [-Wvisibility]
  131 |                             struct msm_iris_operate_value *operate_value);
      |                                    ^
  CC      net/ipv6/udplite.o
  CC      fs/sysfs/group.o
  CC      net/ipv6/raw.o
  CC      net/ipv6/icmp.o
  CC      drivers/gpu/drm/drm_kms_helper_common.o
../techpack/display/msm/sde/sde_crtc.c:3140:17: warning: variable 'cfg' is uninitialized when used here [-Wuninitialized]
 3140 |                         mode, hw_ds, cfg, hdisplay, &num_ds_enable,
      |                                      ^~~
../techpack/display/msm/sde/sde_crtc.c:3070:27: note: initialize the variable 'cfg' to silence this warning
 3070 |         struct sde_hw_ds_cfg *cfg;
      |                                  ^
      |                                   = NULL
../techpack/display/msm/sde/sde_crtc.c:3140:10: warning: variable 'hw_ds' is uninitialized when used here [-Wuninitialized]
 3140 |                         mode, hw_ds, cfg, hdisplay, &num_ds_enable,
      |                               ^~~~~
../techpack/display/msm/sde/sde_crtc.c:3069:25: note: initialize the variable 'hw_ds' to silence this warning
 3069 |         struct sde_hw_ds *hw_ds;
      |                                ^
      |                                 = NULL
  CC      net/ipv6/mcast.o
  CC      fs/open.o
In file included from ../techpack/display/msm/sde/sde_encoder.c:27:
In file included from ../techpack/display/msm/sde/sde_kms.h:27:
../techpack/display/msm/msm_kms.h:131:15: warning: declaration of 'struct msm_iris_operate_value' will not be visible outside of this function [-Wvisibility]
  131 |                             struct msm_iris_operate_value *operate_value);
      |                                    ^
  CC      lib/genalloc.o
  CC      net/xfrm/xfrm_input.o
../techpack/display/msm/sde/sde_crtc.c:5207:4: warning: variable 'plane' is uninitialized when used here [-Wuninitialized]
 5207 |                         plane, multirect_plane, &cnt);
      |                         ^~~~~
../techpack/display/msm/sde/sde_crtc.c:5190:25: note: initialize the variable 'plane' to silence this warning
 5190 |         struct drm_plane *plane;
      |                                ^
      |                                 = NULL
../sound/usb/stream.c:716:21: warning: unused variable 'dev' [-Wunused-variable]
  716 |         struct usb_device *dev = chip->dev;
      |                            ^~~
../sound/usb/stream.c:871:21: warning: unused variable 'dev' [-Wunused-variable]
  871 |         struct usb_device *dev = chip->dev;
      |                            ^~~
  CC      drivers/hwspinlock/hwspinlock_core.o
  CC      net/ipv6/reassembly.o
  CC      drivers/hwspinlock/qcom_hwspinlock.o
  CC      net/ipv6/tcp_ipv6.o
  CC      drivers/gpu/msm/kgsl_ioctl.o
  CC      net/sctp/ulpevent.o
  CC      fs/verity/measure.o
2 warnings generated.
  CC      fs/sdcardfs/derived_perm.o
  CC      net/core/fib_notifier.o
  CC      sound/usb/validate.o
  CC      net/core/xdp.o
  CC      kernel/kthread.o
  CC      net/core/net-sysfs.o
  CC      net/core/net-procfs.o
  CC      net/netfilter/nf_conntrack_standalone.o
  CC      net/netfilter/nf_conntrack_expect.o
  CC      drivers/hid/hid-nintendo.o
  CC      drivers/hid/hid-pl.o
  CC      crypto/ansi_cprng.o
  CC      mm/memblock.o
  CC      drivers/hid/hid-plantronics.o
  CC      net/sched/act_police.o
  CC      drivers/hid/hid-playstation.o
  CC      drivers/hid/hid-sony.o
  CC      lib/textsearch.o
  CC      lib/ts_kmp.o
  CC      drivers/gpu/msm/kgsl_sharedmem.o
  CC      drivers/gpu/drm/drm_simple_kms_helper.o
  CC      net/ipv6/ping.o
  CC      fs/read_write.o
  CC      lib/ts_bm.o
  CC      fs/verity/open.o
  CC      sound/usb/midi.o
  CC      lib/ts_fsm.o
  CC      techpack/video/msm/vidc/msm_vidc_bus_ar50lite.o
  CC      mm/page_io.o
  CC      techpack/video/msm/vidc/msm_vidc_bus_iris1.o
  CC      drivers/gpu/drm/drm_modeset_helper.o
  CC      net/sctp/inqueue.o
4 warnings generated.
  CC      net/sctp/outqueue.o
  CC      net/sched/act_gact.o
  CC      lib/percpu_counter.o
  CC      lib/audit.o
  CC      crypto/drbg.o
  CC      net/xfrm/xfrm_output.o
  CC      lib/compat_audit.o
  CC      crypto/jitterentropy.o
1 warning generated.
  CC      net/netfilter/nf_conntrack_helper.o
  CC      crypto/jitterentropy-kcapi.o
  CC      techpack/display/msm/sde/sde_encoder_phys_vid.o
  CC      net/netfilter/nf_conntrack_proto.o
  CC      net/netfilter/nf_conntrack_proto_generic.o
  CC      net/ipv4/tcp_input.o
  CC      net/sctp/ulpqueue.o
  CC      net/core/fib_rules.o
  CC      net/sched/act_mirred.o
  CC      net/xfrm/xfrm_sysctl.o
  CC      sound/usb/usb_audio_qmi_v01.o
  CC      sound/usb/usb_audio_qmi_svc.o
  CC      fs/verity/read_metadata.o
  CC      drivers/gpu/msm/kgsl_pwrctrl.o
  CC      net/wireless/scan.o
  CC      net/netfilter/nf_conntrack_proto_tcp.o
  CC      net/netfilter/nf_conntrack_proto_udp.o
  CC      fs/file_table.o
  CC      net/core/net-traces.o
  CC      drivers/hid/hid-steam.o
  CC      net/sctp/tsnmap.o
  CC      crypto/ghash-generic.o
  CC      drivers/gpu/msm/kgsl_pwrscale.o
  CC      net/sched/act_skbedit.o
  CC      fs/super.o
  CC      fs/char_dev.o
  CC      net/sched/act_bpf.o
  CC      net/sched/sch_fifo.o
  CC      drivers/gpu/msm/kgsl_mmu.o
  CC      fs/stat.o
  CC      net/core/ptp_classifier.o
  CC      lib/syscall.o
  CC      techpack/video/msm/vidc/msm_vidc_bus_iris2.o
  CC      net/core/sockev_nlmcast.o
  CC      mm/swap_state.o
  CC      techpack/display/msm/sde/sde_encoder_phys_cmd.o
  CC      drivers/gpu/drm/drm_scdc_helper.o
  CC      fs/exec.o
  CC      net/sctp/bind_addr.o
  CC      net/core/dst_cache.o
  CC      net/core/gro_cells.o
  CC      net/ipv6/exthdrs.o
In file included from ../techpack/display/msm/sde/sde_encoder_phys_vid.c:8:
In file included from ../techpack/display/msm/sde/sde_encoder_phys.h:12:
In file included from ../techpack/display/msm/sde/sde_kms.h:27:
../techpack/display/msm/msm_kms.h:131:15: warning: declaration of 'struct msm_iris_operate_value' will not be visible outside of this function [-Wvisibility]
  131 |                             struct msm_iris_operate_value *operate_value);
      |                                    ^
  CC      techpack/display/msm/sde/sde_irq.o
  CC      drivers/hid/hid-gaff.o
  CC      techpack/display/msm/sde/sde_core_irq.o
  CC      net/xfrm/xfrm_replay.o
  CC      fs/verity/verify.o
  CC      kernel/sys_ni.o
  CC      crypto/ecc.o
  CC      kernel/nsproxy.o
  CC      techpack/display/msm/sde/sde_core_perf.o
  CC      techpack/display/msm/sde/sde_rm.o
1 warning generated.
  CC      drivers/hid/wacom_wac.o
  CC      lib/nlattr.o
  CC      net/netfilter/nf_conntrack_proto_icmp.o
  CC      mm/swapfile.o
  CC      crypto/ecdh.o
  CC      mm/swap_slots.o
  CC      techpack/video/msm/vidc/msm_vidc_buffer_calculations.o
  CC      net/core/bpf_sk_storage.o
  CC      mm/swap_ratio.o
  CC      net/ipv4/tcp_output.o
  CC      drivers/gpu/msm/kgsl_events.o
  CC      drivers/gpu/msm/kgsl_gmu_core.o
In file included from ../techpack/display/msm/sde/sde_encoder_phys_cmd.c:7:
In file included from ../techpack/display/msm/sde/sde_encoder_phys.h:12:
In file included from ../techpack/display/msm/sde/sde_kms.h:27:
../techpack/display/msm/msm_kms.h:131:15: warning: declaration of 'struct msm_iris_operate_value' will not be visible outside of this function [-Wvisibility]
  131 |                             struct msm_iris_operate_value *operate_value);
      |                                    ^
  CC      drivers/gpu/msm/kgsl_gmu.o
  CC      lib/checksum.o
  CC      mm/dmapool.o
  CC      drivers/gpu/msm/kgsl_rgmu.o
  CC      net/wireless/nl80211.o
  CC      net/xfrm/xfrm_device.o
  CC      crypto/ecdh_helper.o
  CC      drivers/gpu/drm/drm_gem_framebuffer_helper.o
  CC      mm/sparse.o
  CC      net/ipv4/tcp_timer.o
  CC      net/ipv4/tcp_ipv4.o
  CC      fs/pipe.o
  CC      drivers/hid/wacom_sys.o
  CC      net/sched/sch_htb.o
  CC      techpack/display/msm/sde/sde_kms_utils.o
In file included from ../techpack/display/msm/sde/sde_core_irq.c:13:
In file included from ../techpack/display/msm/sde/sde_core_irq.h:9:
In file included from ../techpack/display/msm/sde/sde_kms.h:27:
../techpack/display/msm/msm_kms.h:131:15: warning: declaration of 'struct msm_iris_operate_value' will not be visible outside of this function [-Wvisibility]
  131 |                             struct msm_iris_operate_value *operate_value);
      |                                    ^
  CC      net/ipv4/tcp_minisocks.o
In file included from ../techpack/display/msm/sde/sde_irq.c:12:
In file included from ../techpack/display/msm/sde/sde_irq.h:12:
../techpack/display/msm/msm_kms.h:131:15: warning: declaration of 'struct msm_iris_operate_value' will not be visible outside of this function [-Wvisibility]
  131 |                             struct msm_iris_operate_value *operate_value);
      |                                    ^
  CC      techpack/display/msm/sde/sde_kms.o
  CC      fs/verity/signature.o
  CC      net/ipv4/tcp_cong.o
  CC      drivers/hid/hid-wiimote-core.o
1 warning generated.
1 warning generated.
  CC      net/ipv4/tcp_metrics.o
  CC      net/sched/sch_ingress.o
1 warning generated.
  CC      net/netfilter/nf_conntrack_extend.o
  CC      net/ipv4/tcp_fastopen.o
  CC      net/ipv4/tcp_rate.o
  CC      drivers/gpu/msm/kgsl_hfi.o
  CC      net/sctp/socket.o
In file included from ../techpack/display/msm/sde/sde_core_perf.c:20:
In file included from ../techpack/display/msm/sde/sde_kms.h:27:
../techpack/display/msm/msm_kms.h:131:15: warning: declaration of 'struct msm_iris_operate_value' will not be visible outside of this function [-Wvisibility]
  131 |                             struct msm_iris_operate_value *operate_value);
      |                                    ^
  CC      fs/namei.o
  CC      net/wireless/mlme.o
  CC      drivers/i2c/algos/i2c-algo-bit.o
  CC      crypto/hash_info.o
  CC      drivers/i2c/busses/i2c-qcom-geni.o
  CC      crypto/simd.o
  CC      kernel/notifier.o
  CC      lib/cpu_rmap.o
  CC      drivers/i2c/i2c-boardinfo.o
In file included from ../techpack/display/msm/sde/sde_rm.c:7:
In file included from ../techpack/display/msm/sde/sde_kms.h:27:
../techpack/display/msm/msm_kms.h:131:15: warning: declaration of 'struct msm_iris_operate_value' will not be visible outside of this function [-Wvisibility]
  131 |                             struct msm_iris_operate_value *operate_value);
      |                                    ^
  CC      fs/fcntl.o
../drivers/gpu/msm/kgsl_gmu.c:911:21: warning: unused variable 'gmu' [-Wunused-variable]
  911 |         struct gmu_device *gmu = KGSL_GMU_DEVICE(device);
      |                            ^~~
  CC      drivers/gpu/msm/kgsl_iommu.o
  CC      kernel/ksysfs.o
../techpack/display/msm/sde/sde_rm.c:2050:34: warning: variable 'conn' is uninitialized when used here [-Wuninitialized]
 2050 |                 _sde_rm_release_rsvp(rm, rsvp, conn);
      |                                                ^~~~
../techpack/display/msm/sde/sde_rm.c:2020:28: note: initialize the variable 'conn' to silence this warning
 2020 |         struct drm_connector *conn;
      |                                   ^
      |                                    = NULL
  CC      techpack/display/msm/sde/sde_plane.o
  CC      net/ipv6/datagram.o
  CC      drivers/gpu/drm/bridge/panel.o
  CC      net/sctp/primitive.o
  CC      drivers/i3c/master/i3c-master-qcom-geni.o
1 warning generated.
  CC      net/netfilter/nf_conntrack_acct.o
  CC      lib/dynamic_queue_limits.o
  CC      lib/glob.o
  CC      drivers/input/joystick/xpad.o
  CC      drivers/iio/adc/qcom-spmi-adc5.o
In file included from ../techpack/display/msm/sde/sde_kms_utils.c:8:
In file included from ../techpack/display/msm/sde/sde_kms.h:27:
../techpack/display/msm/msm_kms.h:131:15: warning: declaration of 'struct msm_iris_operate_value' will not be visible outside of this function [-Wvisibility]
  131 |                             struct msm_iris_operate_value *operate_value);
      |                                    ^
  CC      drivers/input/misc/qpnp-power-on.o
  CC      drivers/input/keyboard/atkbd.o
In file included from ../techpack/display/msm/sde/sde_kms.c:39:
In file included from ../techpack/display/msm/sde/sde_wb.h:11:
../techpack/display/msm/msm_kms.h:131:15: warning: declaration of 'struct msm_iris_operate_value' will not be visible outside of this function [-Wvisibility]
  131 |                             struct msm_iris_operate_value *operate_value);
      |                                    ^
  CC      drivers/input/tablet/acecad.o
1 warning generated.
  CC      drivers/input/oplus_fp_drivers/anc_driver/jiiov_platform.o
  CC      drivers/input/keyboard/gpio_keys.o
1 warning generated.
../drivers/gpu/msm/kgsl_hfi.c:269:21: warning: unused variable 'gmu' [-Wunused-variable]
  269 |         struct gmu_device *gmu = KGSL_GMU_DEVICE(device);
      |                            ^~~
  CC      drivers/hid/hid-wiimote-modules.o
  CC      drivers/input/misc/qti-haptics.o
  CC      drivers/iio/adc/qcom-vadc-common.o
2 warnings generated.
  CC      lib/strncpy_from_user.o
  CC      drivers/input/input.o
  CC      drivers/input/touchscreen/oplus_touchscreen/Samsung/S6SY771/sec_drivers_s6sy771.o
  CC      net/xfrm/xfrm_proc.o
  CC      drivers/input/touchscreen/of_touchscreen.o
1 warning generated.
  CC      net/xfrm/xfrm_algo.o
  CC      drivers/i3c/device.o
  CC      net/xfrm/xfrm_user.o
  CC      net/sctp/output.o
  CC      net/sctp/input.o
  CC      fs/ioctl.o
../techpack/display/msm/sde/sde_kms.c:1181:54: warning: result of comparison of constant 0 with expression of type 'bool' (aka '_Bool') is always false [-Wtautological-constant-compare]
 1181 |         if (sde_kms_power_resource_is_enabled(sde_kms->dev) < 0) {
      |             ~~~~~~~~~~~~~~~~~~~~~~~~~~~~~~~~~~~~~~~~~~~~~~~ ^ ~
  CC      crypto/rsapubkey.asn1.o
../drivers/gpu/msm/kgsl_iommu.c:391:22: warning: unused variable 'device' [-Wunused-variable]
  391 |         struct kgsl_device *device = KGSL_MMU_DEVICE(pt->mmu);
      |                             ^~~~~~
../drivers/gpu/msm/kgsl_iommu.c:424:22: warning: unused variable 'device' [-Wunused-variable]
  424 |         struct kgsl_device *device = KGSL_MMU_DEVICE(pt->mmu);
      |                             ^~~~~~
../drivers/gpu/msm/kgsl_iommu.c:447:22: warning: unused variable 'device' [-Wunused-variable]
  447 |         struct kgsl_device *device = KGSL_MMU_DEVICE(pt->mmu);
      |                             ^~~~~~
../drivers/gpu/msm/kgsl_iommu.c:512:22: warning: unused variable 'device' [-Wunused-variable]
  512 |         struct kgsl_device *device = KGSL_MMU_DEVICE(pt->mmu);
      |                             ^~~~~~
  CC      net/sched/sch_tbf.o
../drivers/gpu/msm/kgsl_iommu.c:1173:22: warning: unused variable 'device' [-Wunused-variable]
 1173 |         struct kgsl_device *device = KGSL_MMU_DEVICE(mmu);
      |                             ^~~~~~
../drivers/gpu/msm/kgsl_iommu.c:1264:22: warning: unused variable 'device' [-Wunused-variable]
 1264 |         struct kgsl_device *device = KGSL_MMU_DEVICE(mmu);
      |                             ^~~~~~
../drivers/gpu/msm/kgsl_iommu.c:1323:22: warning: unused variable 'device' [-Wunused-variable]
 1323 |         struct kgsl_device *device = KGSL_MMU_DEVICE(mmu);
      |                             ^~~~~~
  CC      drivers/i2c/i2c-core-base.o
  CC      crypto/rsaprivkey.asn1.o
  CC      mm/sparse-vmemmap.o
In file included from ../techpack/display/msm/sde/sde_plane.c:30:
In file included from ../techpack/display/msm/sde/sde_kms.h:27:
../techpack/display/msm/msm_kms.h:131:15: warning: declaration of 'struct msm_iris_operate_value' will not be visible outside of this function [-Wvisibility]
  131 |                             struct msm_iris_operate_value *operate_value);
      |                                    ^
  CC      drivers/gpu/drm/drm_auth.o
  CC      drivers/input/touchscreen/oplus_touchscreen/Synaptics/Syna_tcm_oncell/synaptics_tcm_oncell.o
  CC      drivers/input/tablet/aiptek.o
  CC      drivers/input/touchscreen/touch.o
  CC      drivers/input/touchscreen/oplus_touchscreen/Synaptics/Syna_tcm_oncell/synaptics_tcm_device.o
  CC      net/sched/sch_prio.o
  CC      fs/readdir.o
  CC      drivers/gpu/msm/kgsl_sync.o
  CC      drivers/input/misc/uinput.o
  CC      drivers/input/oplus_fp_drivers/anc_driver/jiiov_netlink.o
  CC      net/ipv6/ip6_flowlabel.o
  CC      drivers/i2c/i2c-core-smbus.o
  CC      drivers/gpu/msm/kgsl_compat.o
  CC      drivers/gpu/msm/kgsl_pool.o
  CC      net/sctp/debug.o
  CC      net/sctp/stream.o
  CC      drivers/i3c/master.o
  CC      drivers/iio/buffer/industrialio-triggered-buffer.o
  CC      drivers/input/oplus_fp_drivers/goodix_optical_fp/gf_spi.o
7 warnings generated.
  CC      lib/strnlen_user.o
  CC      drivers/input/oplus_fp_drivers/goodix_optical_fp/gf_platform.o
  CC      drivers/gpu/msm/adreno_ioctl.o
  CC      drivers/iio/buffer/kfifo_buf.o
  CC      drivers/input/touchscreen/oplus_touchscreen/Synaptics/synaptics_touch_panel_remote.o
../drivers/input/touchscreen/oplus_touchscreen/Samsung/S6SY771/sec_drivers_s6sy771.c:4132:12: warning: unused function 'sec_i2c_suspend' [-Wunused-function]
 4132 | static int sec_i2c_suspend(struct device *dev)
      |            ^~~~~~~~~~~~~~~
../drivers/input/touchscreen/oplus_touchscreen/Samsung/S6SY771/sec_drivers_s6sy771.c:4143:12: warning: unused function 'sec_i2c_resume' [-Wunused-function]
 4143 | static int sec_i2c_resume(struct device *dev)
      |            ^~~~~~~~~~~~~~
  CC      kernel/cred.o
  CC      drivers/input/oplus_fp_drivers/goodix_optical_fp/gf_netlink.o
  CC      drivers/input/serio/serio.o
  CC      mm/slub.o
2 warnings generated.
  CC      net/netfilter/nf_conntrack_seqadj.o
  CC      mm/migrate.o
  CC      net/ipv4/tcp_recovery.o
  CC      net/netfilter/nf_conntrack_proto_icmpv6.o
../drivers/input/oplus_fp_drivers/anc_driver/jiiov_platform.c:273:6: warning: unused variable 'rc' [-Wunused-variable]
  273 |         int rc = 0;
      |             ^~
../drivers/input/oplus_fp_drivers/anc_driver/jiiov_platform.c:399:17: warning: unused variable 'dev' [-Wunused-variable]
  399 |         struct device *dev = data->dev;
      |                        ^~~
  CC      drivers/gpu/drm/drm_bufs.o
2 warnings generated.
  CC      drivers/input/tablet/gtco.o
  CC      drivers/input/touchscreen/oplus_touchscreen/Synaptics/synaptics_common.o
  CC      net/wireless/ibss.o
  CC      drivers/gpu/msm/adreno_ringbuffer.o
  CC      drivers/input/serio/libps2.o
  CC      drivers/gpu/msm/adreno_drawctxt.o
1 warning generated.
  CC      kernel/reboot.o
  CC      net/sctp/auth.o
  CC      techpack/display/msm/sde/sde_connector.o
  CC      techpack/display/msm/sde/sde_color_processing.o
  CC      drivers/input/touchscreen/oplus_touchscreen/Samsung/S6SY791/sec_drivers_s6sy791.o
  CC      drivers/i2c/i2c-core-of.o
  CC      lib/net_utils.o
  CC      fs/select.o
  CC      net/ipv6/inet6_connection_sock.o
../drivers/input/oplus_fp_drivers/goodix_optical_fp/gf_spi.c:657:6: warning: unused variable 'retval' [-Wunused-variable]
  657 |         int retval = 0;
      |             ^~~~~~
  CC      net/sched/sch_multiq.o
  CC      techpack/display/msm/sde/sde_vbif.o
  CC      fs/dcache.o
  CC      net/xfrm/xfrm_ipcomp.o
2 warnings generated.
  CC      drivers/i2c/i2c-dev.o
  CC      techpack/display/msm/sde_io_util.o
  CC      techpack/display/msm/sde/sde_hw_reg_dma_v1_color_proc.o
1 warning  CC      net/sched/sch_netem.o
 generated.
  CC      mm/page_counter.o
  CC      net/netfilter/nf_conntrack_ecache.o
  CC      drivers/input/tablet/hanwang.o
  CC      fs/inode.o
  CC      net/ipv4/tcp_ulp.o
  CC      net/sctp/offload.o
  CC      net/ipv4/tcp_offload.o
  CC      drivers/iommu/iommu.o
  CC      drivers/input/touchscreen/oplus_touchscreen/util_interface/touch_interfaces.o
  CC      drivers/iommu/iommu-traces.o
  CC      net/xfrm/xfrm_interface.o
  CC      drivers/irqchip/irqchip.o
  CC      drivers/irqchip/irq-gic.o
  CC      net/ipv6/udp_offload.o
  CC      drivers/input/touchscreen/oplus_touchscreen/touchpanel_common_driver.o
  CC      drivers/irqchip/irq-gic-common.o
  CC      net/sctp/stream_sched.o
In file included from ../techpack/display/msm/sde/sde_connector.c:11:
In file included from ../techpack/display/msm/sde/sde_kms.h:27:
../techpack/display/msm/msm_kms.h:131:15: warning: declaration of 'struct msm_iris_operate_value' will not be visible outside of this function [-Wvisibility]
  131 |                             struct msm_iris_operate_value *operate_value);
      |                                    ^
  CC      lib/sg_pool.o
../drivers/input/tablet/hanwang.c:  CC      drivers/input/oplus_fp_drivers/oplus_fp_common/oplus_fp_common.o
269:21: warning: unused variable 'dev' [-Wunused-variable]
  269 |         struct usb_device *dev = hanwang->usbdev;
      |                            ^~~
  CC      drivers/gpu/drm/drm_cache.o
1 warning generated.
  CC      mm/memcontrol.o
  CC      mm/swap_cgroup.o
  CC      drivers/input/tablet/kbtab.o
  CC      drivers/gpu/drm/drm_context.o
  CC      drivers/gpu/msm/adreno_dispatch.o
In file included from ../techpack/display/msm/sde/sde_vbif.c:10:
In file included from ../techpack/display/msm/sde/sde_vbif.h:9:
In file included from ../techpack/display/msm/sde/sde_kms.h:27:
../techpack/display/msm/msm_kms.h:131:15: warning: declaration of 'struct msm_iris_operate_value' will not be visible outside of this function [-Wvisibility]
  131 |                             struct msm_iris_operate_value *operate_value);
      |                                    ^
  CC      drivers/gpu/drm/drm_dma.o
  CC      drivers/gpu/drm/drm_file.o
  CC      drivers/iio/proximity/inv_ch101/ch101_sysfs.o
  CC      drivers/iio/proximity/inv_ch101/ch101_core.o
  CC      drivers/iio/proximity/inv_ch101/src/init_driver.o
  CC      drivers/gpu/drm/drm_gem.o
In file included from ../techpack/display/msm/sde/sde_color_processing.c:13:
In file included from ../techpack/display/msm/sde/sde_kms.h:27:
../techpack/display/msm/msm_kms.h:131:15: warning: declaration of 'struct msm_iris_operate_value' will not be visible outside of this function [-Wvisibility]
  131 |                             struct msm_iris_operate_value *operate_value);
      |                                    ^
  CC      drivers/input/oplus_fp_drivers/oplus_fp_common/fingerprint_event.o
1 warning generated.
In file included from ../techpack/display/msm/sde/sde_hw_reg_dma_v1_color_proc.c:17:
In file included from ../techpack/display/msm/sde/sde_connector.h:16:
In file included from ../techpack/display/msm/sde/sde_kms.h:27:
../techpack/display/msm/msm_kms.h:131:15: warning: declaration of 'struct msm_iris_operate_value' will not be visible outside of this function [-Wvisibility]
  131 |                             struct msm_iris_operate_value *operate_value);
      |                                    ^
../drivers/input/touchscreen/oplus_touchscreen/Samsung/S6SY791/sec_drivers_s6sy791.c:4033:12: warning: unused function 'sec_i2c_suspend' [-Wunused-function]
 4033 | static int sec_i2c_suspend(struct devic  CC      net/wireless/sme.o
e *dev)
      |            ^~~~~~~~~~~~~~~
../drivers/input/touchscreen/oplus_touchscreen/Samsung/S6SY791/sec_drivers_s6sy791.c:4043:12: warning: unused function 'sec_i2c_resume' [-Wunused-function]
 4043 | static int sec_i2c_resume(struct device *dev)
      |            ^~~~~~~~~~~~~~
1 warning generated.
../techpack/display/msm/sde/sde_hw_reg_dma_v1_color_proc.c:387:14: warning: comparison of array 'hw_cfg->dspp' equal to a null pointer is always false [-Wtautological-pointer-compare]
  387 |         if (hw_cfg->dspp == NULL) {
      |             ~~~~~~~~^~~~    ~~~~
  CC      net/sched/cls_u32.o
  CC      drivers/i2c/i2c-mux.o
  CC      mm/page_isolation.o
  CC      drivers/iio/proximity/inv_ch101/src/chbsp_dummy.o
  CC      drivers/input/touchscreen/oplus_touchscreen/Samsung/sec_common.o
  CC      drivers/iio/proximity/inv_ch101/src/chbsp_init.o
  CC      net/wireless/chan.o
  CC      kernel/async.o
  CC      drivers/input/input-compat.o
  CC      drivers/irqchip/irq-gic-v2m.o
  CC      drivers/iommu/iommu-sysfs.o
../drivers/iio/proximity/inv_ch101/ch101_sysfs.c:206:17: warning: unused variable 'dev' [-Wunused-variable]
  206 |         struct device *dev = data->dev;
      |                        ^~~
  CC      net/sched/cls_fw.o
1 warning generated.
  CC      net/sctp/stream_sched_prio.o
  CC      net/netfilter/nf_conntrack_proto_dccp.o
  CC      net/wireless/ethtool.o
  CC      lib/asn1_decoder.o
  CC      net/netfilter/nf_conntrack_proto_sctp.o
  CC      techpack/display/msm/sde/sde_hw_color_proc_v4.o
  CC      fs/attr.o
  CC      techpack/display/msm/sde/sde_hw_ad4.o
  CC      net/ipv4/datagram.o
  CC      net/ipv4/raw.o
  CC      net/ipv4/udp.o
  CC      drivers/gpu/msm/adreno_a6xx.o
../drivers/iio/proximity/inv_ch101/ch101_core.c:384:17: warning: unused variable 'dev' [-Wunused-variable]
  384 |         struct device *dev = data->dev;
      |                        ^~~
../drivers/iio/proximity/inv_ch101/ch101_core.c:666:17: warning: unused variable 'dev' [-Wunused-variable]
  666 |         struct device *dev = data->dev;
      |                        ^~~
../drivers/input/touchscreen/oplus_touchscreen/touchpanel_common_driver.c:9084:12: warning: unused function 'tp_suspend' [-Wunused-function]
 9084 | static int tp_suspend(struct device *dev)
      |            ^~~~~~~~~~
../drivers/input/touchscreen/oplus_touchscreen/touchpanel_common_driver.c:9260:13: warning: unused function 'tp_resume' [-Wunused-function]
 9260 | static void tp_resume(struct device *dev)
      |             ^~~~~~~~~
  CC      kernel/range.o
../drivers/gpu/msm/adreno_dispatch.c:1091:22: warning: unused variable 'device' [-Wunused-variable]
 1091 |         struct kgsl_device *device = dev_priv->device;
      |                             ^~~~~~
../drivers/gpu/msm/adreno_dispatch.c:2252:22: warning: unused variable 'device' [-Wunused-variable]
 2252 |         struct kgsl_device *device = KGSL_DEVICE(adreno_dev);
      |                             ^~~~~~
  CC      kernel/smpboot.o
  CC      kernel/ucount.o
1 warning generated.
  CC      drivers/input/input-mt.o
  CC      lib/oid_registry.o
2 warnings generated.
2 warnings generated.
  CC      net/ipv6/seg6.o
  CC      drivers/iommu/dma-iommu.o
  CC      net/wireless/mesh.o
  CC      drivers/iio/proximity/inv_ch101/src/chirp_hal.o
  CC      net/sched/cls_flow.o
2 warnings generated.
  CC      net/sched/cls_bpf.o
  CC      mm/zsmalloc.o
  CC      drivers/leds/trigger/ledtrig-timer.o
  CC      drivers/leds/led-core.o
  CC      kernel/kmod.o
  CC      drivers/irqchip/irq-gic-v3.o
  CC      techpack/display/msm/sde/sde_hw_uidle.o
  CC      kernel/groups.o
  CC      net/ipv4/udplite.o
  CC      drivers/gpu/msm/adreno_a6xx_preempt.o
  CC      kernel/freezer.o
  CC      net/ipv4/udp_offload.o
  CC      fs/bad_inode.o
  CC      drivers/irqchip/irq-gic-v3-mbi.o
  CC      drivers/gpu/drm/drm_ioctl.o
  CC      mm/early_ioremap.o
  CC      net/ipv6/fib6_notifier.o
  CC      drivers/gpu/msm/adreno_a6xx_gmu.o
  CC      fs/file.o
2 warnings generated.
  CC      net/wireless/ap.o
  CC      drivers/mailbox/mailbox.o
  CC      drivers/leds/led-class.o
  CC      drivers/md/dm-uevent.o
  CC      drivers/leds/led-triggers.o
  CC      lib/sbitmap.o
  CC      net/sctp/stream_sched_rr.o
  CC      net/sctp/stream_interleave.o
../drivers/gpu/msm/adreno_a6xx.c:840:22: warning: unused variable 'device' [-Wunused-variable]
  840 |         struct kgsl_device *device = KGSL_DEVICE(adreno_dev);
      |                             ^~~~~~
  CC      drivers/irqchip/irq-gic-v3-its.o
../drivers/gpu/msm/adreno_a6xx.c:1238:22: warning: unused variable 'device' [-Wunused-variable]
 1238 |         struct kgsl_device *device = KGSL_DEVICE(adreno_dev);
      |                             ^~~~~~
  CC      fs/filesystems.o
  CC      drivers/iio/proximity/inv_ch101/src/i2c_hal.o
  CC      drivers/media/common/videobuf2/videobuf2-core.o
  CC      drivers/gpu/drm/drm_irq.o
  CC      drivers/iommu/msm_dma_iommu_mapping.o
  CC      net/sched/cls_matchall.o
In file included from ../techpack/display/msm/sde/sde_hw_uidle.c:11:
In file included from ../techpack/display/msm/sde/sde_kms.h:27:
../techpack/display/msm/msm_kms.h:131:15: warning: declaration of 'struct msm_iris_operate_value' will not be visible outside of this function [-Wvisibility]
  131 |                             struct msm_iris_operate_value *operate_value);
      |                                    ^
2 warnings generated.
  CC      drivers/media/dvb-core/dvbdev.o
1 warning generated.
  CC      net/sctp/proc.o
  CC      drivers/md/dm.o
  CC      drivers/irqchip/irq-gic-v3-its-platform-msi.o
  CC      techpack/display/msm/sde_edid_parser.o
  CC      drivers/md/dm-table.o
  CC      drivers/mailbox/qcom-apcs-ipc-mailbox.o
  CC      drivers/mfd/mfd-core.o
  CC      drivers/md/dm-target.o
  CC      mm/cma.o
2 warnings generated.
  CC      drivers/leds/leds-qti-tri-led.o
../drivers/gpu/msm/adreno_a6xx_gmu.c:414:21: warning: unused variable 'gmu' [-Wunused-variable]
  414 |         struct gmu_device *gmu = KGSL_GMU_DEVICE(device);
      |                            ^~~
../drivers/gpu/msm/adreno_a6xx_gmu.c:433:17: warning: unused variable 'dev' [-Wunused-variable]
  433 |         struct device *dev = &gmu->pdev->dev;
      |                        ^~~
../drivers/gpu/msm/adreno_a6xx_gmu.c:600:21: warning: unused variable 'gmu' [-Wunused-variable]
  600 |         struct gmu_device *gmu = KGSL_GMU_DEVICE(device);
      |                            ^~~
  CC      drivers/gpu/msm/adreno_a6xx_rgmu.o
../drivers/gpu/msm/adreno_a6xx_gmu.c:644:21: warning: unused variable 'gmu' [-Wunused-variable]
  644 |         struct gmu_device *gmu = KGSL_GMU_DEVICE(device);
      |                            ^~~
../drivers/gpu/msm/adreno_a6xx_gmu.c:765:21: warning: unused variable 'gmu' [-Wunused-variable]
  765 |         struct gmu_device *gmu = KGSL_GMU_DEVICE(device);
      |                            ^~~
../drivers/gpu/msm/adreno_a6xx_gmu.c:793:21: warning: unused variable 'gmu' [-Wunused-variable]
  793 |         struct gmu_device *gmu = KGSL_GMU_DEVICE(device);
      |                            ^~~
../drivers/gpu/msm/adreno_a6xx_gmu.c:1001:21: warning: unused variable 'gmu' [-Wunused-variable]
 1001 |         struct gmu_device *gmu = KGSL_GMU_DEVICE(device);
      |                            ^~~
../drivers/gpu/msm/adreno_a6xx_gmu.c:1353:21: warning: unused variable 'gmu' [-Wunused-variable]
 1353 |         struct gmu_device *gmu = KGSL_GMU_DEVICE(device);
      |                            ^~~
../drivers/gpu/msm/adreno_a6xx_gmu.c:1464:21: warning: unused variable 'gmu' [-Wunused-variable]
 1464 |         struct gmu_device *gmu = KGSL_GMU_DEVICE(device);
      |                            ^~~
../drivers/gpu/msm/adreno_a6xx_gmu.c:1497:21: warning: unused variable 'gmu' [-Wunused-variable]
 1497 |         struct gmu_device *gmu = KGSL_GMU_DEVICE(device);
      |                            ^~~
  CC      kernel/profile.o
  CC      drivers/iommu/io-pgtable.o
  CC      drivers/mailbox/msm_qmp.o
  CC      drivers/input/ff-core.o
  CC      net/netfilter/nf_conntrack_proto_gre.o
  CC      net/ipv6/sysctl_net_ipv6.o
  CC      drivers/media/dvb-core/dmxdev.o
  CC      fs/namespace.o
  CC      drivers/mfd/qcom-i2c-pmic.o
  CC      drivers/gpu/msm/adreno_sysfs.o
10 warnings generated.
  CC      net/sched/ematch.o
  CC      drivers/media/common/videobuf2/vb2-trace.o
  CC      drivers/iio/temperature/tdk_thermistor.o
  CC      net/netfilter/nf_conntrack_netlink.o
  CC      drivers/iio/proximity/inv_ch101/src/ch101_gpr.o
  CC      drivers/iio/proximity/inv_ch101/src/ch101_gpr_fw.o
  CC      drivers/iio/proximity/inv_ch101/src/ch101_gpr_open.o
  CC      drivers/iio/proximity/inv_ch101/src/ch101_gpr_open_fw.o
  CC      lib/argv_split.o
  CC      lib/bug.o
  CC      lib/clz_tab.o
  CC      lib/cmdline.o
  CC      lib/cpumask.o
  CC      net/netfilter/nf_conntrack_amanda.o
  CC      drivers/leds/leds-qpnp-flash-v2.o
  CC      drivers/gpu/drm/drm_lock.o
  CC      lib/ctype.o
  CC      drivers/media/dvb-core/dvb_demux.o
  CC      drivers/gpu/msm/adreno.o
  CC      drivers/mfd/qcom-spmi-pmic.o
  CC      net/ipv4/arp.o
  CC      drivers/gpu/drm/drm_memory.o
  CC      drivers/md/dm-linear.o
  CC      drivers/media/dvb-core/dvb_ca_en50221.o
  CC      kernel/stacktrace.o
  CC      drivers/iio/proximity/inv_ch101/src/ch101_gpr_sr_open.o
  CC      kernel/futex.o
  CC      kernel/smp.o
  CC      kernel/uid16.o
In file included from ../techpack/display/msm/sde_edid_parser.c:10:
In file included from ../techpack/display/msm/sde/sde_kms.h:27:
../techpack/display/msm/msm_kms.h:131:15: warning: declaration of 'struct msm_iris_operate_value' will not be visible outside of this function [-Wvisibility]
  131 |                             struct msm_iris_operate_value *operate_value);
      |                                    ^
  CC      drivers/input/event_notify.o
  CC      fs/seq_file.o
  CC      fs/xattr.o
  CC      net/netfilter/nf_conntrack_ftp.o
  CC      drivers/iommu/io-pgtable-arm.o
  CC      net/netfilter/nf_conntrack_h323_main.o
  CC      kernel/module.o
  CC      net/netfilter/nf_conntrack_h323_asn1.o
1 warning generated.
  CC      drivers/iio/proximity/inv_ch101/src/ch101_gpr_sr_open_fw.o
  CC      net/netfilter/nf_conntrack_irc.o
  CC      net/netfilter/nf_conntrack_broadcast.o
  CC      mm/userfaultfd.o
  CC      drivers/input/ff-memless.o
  CC      techpack/display/msm/sde_hdcp_1x.o
  CC      drivers/iio/proximity/inv_ch101/src/ch_api.o
  CC      drivers/iio/proximity/inv_ch101/src/ch_common.o
  CC      drivers/iio/proximity/inv_ch101/src/ch_driver.o
  CC      drivers/iio/proximity/inv_ch101/src/ch201_gprmt_fw.o
  CC      drivers/iio/proximity/inv_ch101/ch101_i2c.o
../drivers/gpu/msm/adreno_a6xx_rgmu.c:36:22: warning: unused variable 'rgmu' [-Wunused-variable]
   36 |         struct rgmu_device *rgmu = KGSL_RGMU_DEVICE(device);
      |                             ^~~~
../drivers/gpu/msm/adreno_a6xx_rgmu.c:66:22: warning: unused variable 'rgmu' [-Wunused-variable]
   66 |         struct rgmu_device *rgmu = KGSL_RGMU_DEVICE(device);
      |                             ^~~~
../drivers/gpu/msm/adreno_a6xx_rgmu.c:98:22: warning: unused variable 'rgmu' [-Wunused-variable]
   98 |         struct rgmu_device *rgmu = KGSL_RGMU_DEVICE(device);
      |                             ^~~~
../drivers/gpu/msm/adreno_a6xx_rgmu.c:139:22: warning: unused variable 'rgmu' [-Wunused-variable]
  139 |         struct rgmu_device *rgmu = KGSL_RGMU_DEVICE(device);
      |                             ^~~~
../drivers/gpu/msm/adreno_a6xx_rgmu.c:518:22: warning: unused variable 'rgmu' [-Wunused-variable]
  518 |         struct rgmu_device *rgmu = KGSL_RGMU_DEVICE(device);
      |                             ^~~~
../drivers/iio/temperature/tdk_thermistor.c:91:17: warning: unused variable 'dev' [-Wunused-variable]
   91 |         struct device *dev = data->dev;
      |                        ^~~
  CC      drivers/mfd/syscon.o
5 warnings generated.
1 warning generated.
  CC      lib/dec_and_lock.o
  CC      drivers/iio/industrialio-core.o
  CC      net/wireless/trace.o
  CC      lib/decompress.o
  CC      drivers/media/common/videobuf2/videobuf2-v4l2.o
  CC      techpack/display/msm/sde_hdcp_2x.o
  CC      net/sched/em_cmp.o
  CC      drivers/input/input-leds.o
../drivers/gpu/msm/adreno.c:704:22: warning: unused variable 'device' [-Wunused-variable]
  704 |         struct kgsl_device *device = KGSL_DEVICE(adreno_dev);
      |                             ^~~~~~
  CC      drivers/media/common/videobuf2/videobuf2-memops.o
  CC      fs/libfs.o
  CC      mm/frame_vector.o
../drivers/gpu/msm/adreno.c:3305:22: warning: unused variable 'device' [-Wunused-variable]
 3305 |         struct kgsl_device *device = KGSL_DEVI  CC      net/sched/em_nbyte.o
CE(adreno_dev);
      |                             ^~~~~~
  CC      drivers/md/dm-stripe.o
  CC      drivers/leds/leds-qpnp-flash-common.o
  CC      net/ipv4/icmp.o
  CC      lib/decompress_bunzip2.o
  CC      net/ipv4/devinet.o
  CC      net/ipv6/xfrm6_policy.o
  CC      net/ipv6/xfrm6_state.o
  CC      net/ipv6/xfrm6_input.o
  CC      net/ipv6/xfrm6_output.o
  CC      drivers/gpu/drm/drm_drv.o
  CC      net/ipv4/af_inet.o
  CC      net/sctp/sysctl.o
  CC      drivers/irqchip/irq-gic-v4.o
  CC      net/ipv4/igmp.o
  CC      net/ipv4/fib_frontend.o
  CC      net/ipv4/fib_semantics.o
  CC      drivers/media/dvb-core/dvb_frontend.o
  CC      net/ipv4/fib_trie.o
  CC      drivers/gpu/drm/drm_scatter.o
  CC      drivers/mmc/core/core.o
  CC      drivers/iommu/iova.o
  CC      drivers/media/common/videobuf2/videobuf2-vmalloc.o
  CC      drivers/misc/hdcp_qseecom.o
  CC      drivers/net/bonding/bond_main.o
In file included from ../techpack/display/msm/sde_hdcp_1x.c:16:
In file included from ../techpack/display/msm/sde_hdcp.h:21:
In file included from ../techpack/display/msm/sde/sde_kms.h:27:
../techpack/display/msm/msm_kms.h:131:15: warning: declaration of 'struct msm_iris_operate_value' will not be visible outside of this function [-Wvisibility]
  131 |                             struct msm_iris_operate_value *operate_value);
      |                                    ^
  CC      drivers/gpu/msm/adreno_cp_parser.o
  CC      drivers/input/evdev.o
2 warnings generated.
  CC      drivers/mmc/core/bus.o
  CC      lib/decompress_inflate.o
  CC      drivers/net/phy/mdio-boardinfo.o
  CC      mm/usercopy.o
  CC      drivers/iio/industrialio-event.o
  CC      drivers/net/can/spi/mcp25xxfd.o
  CC      drivers/irqchip/irq-gic-v3-its-pci-msi.o
  CC      lib/decompress_unlz4.o
  CC      lib/decompress_unlzma.o
1 warning generated.
  CC      drivers/net/ppp/ppp_generic.o
  CC      drivers/net/phy/phy.o
  CC      drivers/net/phy/phy-c45.o
In file included from ../techpack/display/msm/sde_hdcp_2x.c:22:
In file included from ../techpack/display/msm/sde_hdcp_2x.h:9:
In file included from ../techpack/display/msm/sde_hdcp.h:21:
In file included from ../techpack/display/msm/sde/sde_kms.h:27:
../techpack/display/msm/msm_kms.h:131:15: warning: declaration of 'struct msm_iris_operate_value' will not be visible outside of this function [-Wvisibility]
  131 |                             struct msm_iris_operate_value *operate_value);
      |                                    ^
  CC      drivers/net/bonding/bond_3ad.o
  CC      net/wireless/ocb.o
  CC      fs/fs-writeback.o
  CC      drivers/net/ethernet/aquantia/atlantic-fwd/atl_fw.o
  CC      lib/dump_stack.o
  CC      kernel/kallsyms.o
  CC      drivers/irqchip/irq-partition-percpu.o
  CC      drivers/md/dm-ioctl.o
1 warning generated.
  CC      net/sched/em_u32.o
  CC      techpack/display/msm/sde/sde_hw_catalog.o
  CC      lib/earlycpio.o
  CC      drivers/media/dvb-core/dvb_net.o
  CC      drivers/gpu/drm/drm_pci.o
  CC      net/netfilter/nf_conntrack_netbios_ns.o
  CC      drivers/iio/inkern.o
  CC      drivers/net/phy/phy-core.o
  CC      fs/pnode.o
  CC      drivers/misc/msm_hdcp.o
  CC      mm/memfd.o
  CC      drivers/gpu/msm/adreno_perfcounter.o
  CC      fs/splice.o
  CC      drivers/net/slip/slhc.o
  CC      fs/sync.o
  CC      drivers/net/bonding/bond_alb.o
  CC      net/sctp/ipv6.o
  CC      drivers/iommu/io-pgtable-fast.o
  CC      kernel/compat.o
  CC      drivers/net/bonding/bond_sysfs.o
  CC      drivers/net/bonding/bond_sysfs_slave.o
  CC      drivers/md/dm-io.o
  CC      net/sctp/diag.o
  CC      lib/extable.o
  CC      kernel/utsname.o
  CC      drivers/iio/industrialio-buffer.o
  CC      techpack/display/msm/sde/sde_hw_cdm.o
  CC      drivers/irqchip/qcom-pdc.o
  CC      net/ipv6/xfrm6_protocol.o
  CC      net/netfilter/nf_conntrack_pptp.o
  CC      net/sched/em_meta.o
  CC      drivers/net/usb/rtl8150.o
  CC      drivers/nfc/nq-nci.o
  CC      drivers/net/usb/r8152.o
../drivers/net/can/spi/mcp25xxfd.c:3948:12: warning: unused function 'mcp25xxfd_dump_regs' [-Wunused-function]
  CC      drivers/net/ethernet/aquantia/atlantic-fwd/atl_hw.o
 3948 | static int mcp25xxfd_dump_regs(struct seq_file *file, void *offset)
      |            ^~~~~~~~~~~~~~~~~~~
  CC      drivers/net/ppp/bsd_comp.o
  CC      drivers/net/ethernet/aquantia/atlantic-fwd/atl_main.o
In file included from ../techpack/display/msm/sde/sde_hw_catalog.c:16:
In file included from ../techpack/display/msm/sde/sde_kms.h:27:
../techpack/display/msm/msm_kms.h:131:15: warning: declaration of 'struct msm_iris_operate_value' will not be visible outside of this function [-Wvisibility]
  131 |                             struct msm_iris_operate_value *operate_value);
      |                                    ^
  CC      drivers/net/phy/phy_device.o
  CC      drivers/gpu/msm/adreno_iommu.o
  CC      drivers/iio/industrialio-trigger.o
  CC      drivers/misc/qseecom.o
../techpack/display/msm/sde/sde_hw_catalog.c:3077:36: warning: variable 'vbif' is uninitialized when used here [-Wuninitialized]
 3077 |                 rc = _sde_vbif_populate(sde_cfg, vbif, prop_value,
      |                                                  ^~~~
../techpack/display/msm/sde/sde_hw_catalog.c:3005:27: note: initialize the variable 'vbif' to silence this warning
 3005 |         struct sde_vbif_cfg *vbif;
      |                                  ^
      |                                   = NULL
  CC      drivers/net/ethernet/aquantia/atlantic-fwd/atl_ring.o
  CC      drivers/mmc/core/host.o
  CC      drivers/gpu/drm/drm_sysfs.o
  CC      drivers/gpu/msm/adreno_compat.o
  CC      drivers/net/wireguard/main.o
  CC      net/ipv4/fib_notifier.o
  CC      drivers/mmc/host/sdhci.o
  CC      lib/fdt.o
  CC      drivers/iommu/dma-mapping-fast.o
  CC      net/ipv4/inet_fragment.o
  CC      lib/fdt_empty_tree.o
  CC      techpack/display/msm/sde/sde_hw_dspp.o
  CC      drivers/net/dummy.o
  CC      drivers/media/dvb-core/dvb_ringbuffer.o
  CC      drivers/net/mii.o
  CC      drivers/net/wireguard/noise.o
  CC      net/sched/em_text.o
  CC      drivers/net/ethernet/aquantia/atlantic-fwd/atl_ethtool.o
  CC      lib/fdt_ro.o
  CC      drivers/net/wireguard/device.o
1 warning generated.
../drivers/nfc/nq-nci.c:697:17: warning: unused variable 'dev' [-Wunused-variable]
  697 |         struct device *dev = &nqx_dev->client->dev;
      |                        ^~~
../drivers/nfc/nq-nci.c:777:17: warning: unused variable 'dev' [-Wunused-variable]
  777 |         struct device *dev = &nqx_dev->client->dev;
      |                        ^~~
  CC      drivers/net/wireless/cnss2/main.o
  GZIP    kernel/config_data.gz
  CC      drivers/net/ppp/ppp_deflate.o
  CC      drivers/md/dm-kcopyd.o
  CC      drivers/media/dvb-core/dvb_math.o
  CC      drivers/net/can/dev.o
  CC      drivers/net/can/rx-offload.o
In file included from ../techpack/display/msm/sde/sde_hw_cdm.c:11:
In file included from ../techpack/display/msm/sde/sde_kms.h:27:
../techpack/display/msm/msm_kms.h:131:15: warning: declaration of 'struct msm_iris_operate_value' will not be visible outside of this function [-Wvisibility]
  131 |                             struct msm_iris_operate_value *operate_value);
      |                                    ^
  CC      drivers/net/phy/mdio_bus.o
  CC      drivers/misc/uid_sys_stats.o
  CC      drivers/mmc/host/sdhci-pltfm.o
2 warnings generated.
1 warning generated.
  CC      fs/utimes.o
  CC      drivers/mmc/host/sdhci-msm.o
  CC      drivers/net/wireless/cnss2/bus.o
  CC      drivers/misc/okl4-virq.o
2 warnings generated.
  CC      lib/fdt_rw.o
  CC      drivers/misc/okl4-panic.o
../drivers/net/ethernet/aquantia/atlantic-fwd/atl_hw.c:187:4: warning: misleading indentation; statement is not part of the previous 'if' [-Wmisleading-indentation]
  187 |                         break;
      |                         ^
../drivers/net/ethernet/aquantia/atlantic-fwd/atl_hw.c:183:3: note: previous statement is here
  183 |                 if (!reg || reg == 0xdead)
      |                 ^
  CC      drivers/misc/okl4-link-shbuf.o
  CC      drivers/net/wireless/cnss2/pci.o
  CC      drivers/gpu/drm/drm_hashtab.o
  CC      drivers/net/bonding/bond_debugfs.o
  CC      drivers/net/wireless/cnss2/power.o
  CC      drivers/net/Space.o
  CC      drivers/mmc/core/mmc.o
  CC      net/ipv6/netfilter.o
  CC      drivers/mmc/core/mmc_ops.o
  CC      drivers/net/ppp/ppp_mppe.o
  CC      drivers/misc/max31760.o
  CC      drivers/net/ppp/pppox.o
  CC      lib/fdt_strerror.o
1 warning generated.
  CC      lib/fdt_sw.o
  CC      net/netfilter/nf_conntrack_sane.o
  CC      drivers/media/platform/msm/cvp/msm_v4l2_cvp.o
  CC      drivers/misc/qxr-stdalonevwr.o
  CC      drivers/misc/perf_helper.o
In file included from ../techpack/display/msm/sde/sde_hw_dspp.c:15:
In file included from ../techpack/display/msm/sde/sde_kms.h:27:
../techpack/display/msm/msm_kms.h:131:15: warning: declaration of 'struct msm_iris_operate_value' will not be visible outside of this function [-Wvisibility]
  131 |                             struct msm_iris_operate_value *operate_value);
      |                                    ^
  CC      drivers/net/wireguard/peer.o
  CC      drivers/net/wireless/cnss_genl/cnss_nl.o
  CC      net/ipv6/fib6_rules.o
1 warning generated.
  CC      drivers/iommu/of_iommu.o
  CC      drivers/media/platform/msm/npu/npu_dev.o
  CC      techpack/display/msm/sde/sde_hw_intf.o
../drivers/net/ethernet/aquantia/atlantic-fwd/atl_ring.c:987:20: warning: unused variable 'nic' [-Wunused-variable]
  987 |                         struct atl_nic *nic = ring->qvec->nic;
      |                                         ^~~
  CC      drivers/net/ethernet/aquantia/atlantic-fwd/atl_trace.o
  CC      drivers/net/wireguard/timers.o
  CC      lib/fdt_wip.o
  CC      fs/d_path.o
  CC      fs/stack.o
../drivers/mmc/host/sdhci-msm.c:1229:26: warning: unused variable 'pdev' [-Wunused-variable]
 1229 |         struct platform_device *pdev = msm_host->pdev;
      |                                 ^~~~
../drivers/mmc/host/sdhci-msm.c:1343:26: warning: unused variable 'pdev' [-Wunused-variable]
 1343 |         struct platform_device *pdev = msm_host->pdev;
      |                                 ^~~~
  CC      drivers/iommu/arm-smmu.o
  CC      drivers/iommu/arm-smmu-debug.o
  CC      drivers/iommu/iommu-logger.o
  CC      lib/flex_proportions.o
../drivers/mmc/host/sdhci-msm.c:5050:26: warning: unused variable 'pdev' [-Wunused-variable]
 5050 |         struct platform_device *pdev = msm_host->pdev;
      |                                 ^~~~
  CC      fs/fs_struct.o
../drivers/misc/max31760.c:196:3: warning: misleading indentation; statement is not part of the previous 'else' [-Wmisleading-indentation]
  196 |                 if (ret) {
      |                 ^
../drivers/misc/max31760.c:194:4: note: previous statement is here
  194 |         } else
      |           ^
  CC      drivers/media/platform/msm/npu/npu_host_ipc.o
1 warning generated.
  CC      drivers/md/dm-sysfs.o
  CC      drivers/md/dm-stats.o
  CC      lib/idr.o
  CC      net/ipv4/ping.o
  CC      techpack/display/msm/sde/sde_hw_lm.o
  CC      drivers/net/ethernet/aquantia/atlantic-fwd/atl_fwd.o
  CC      drivers/gpu/drm/drm_mm.o
  CC      lib/int_sqrt.o
  CC      drivers/mmc/host/cqhci.o
1 warning generated.
  CC      drivers/net/wireless/cnss_prealloc/cnss_prealloc.o
../drivers/net/wireless/cnss2/pci.c:2084:17: warning: unused variable 'sw_ctrl_gpio' [-Wunused-variable]
 2084 |         int retry = 0, sw_ctrl_gpio = plat_priv->pinctrl_info.sw_ctrl_gpio;
      |                        ^~~~~~~~~~~~
../drivers/net/wireless/cnss2/pci.c:2231:25: warning: unused variable 'plat_priv' [-Wunused-variable]
 2231 |         struct cnss_plat_data *plat_priv = pci_priv->plat_priv;
      |                                ^~~~~~~~~
  CC      drivers/media/radio/rtc6226/radio-rtc6226-i2c.o
  CC      drivers/net/wireless/cnss_utils/cnss_utils.o
  CC      kernel/stop_machine.o
  CC      drivers/media/platform/msm/npu/npu_hw_access.o
  CC      drivers/net/bonding/bond_netlink.o
  CC      drivers/net/phy/mdio_device.o
  CC      drivers/net/usb/lan78xx.o
  CC      drivers/media/platform/msm/cvp/msm_v4l2_private.o
  CC      drivers/net/wireless/cnss_utils/wlan_firmware_service_v01.o
  CC      drivers/net/usb/asix_devices.o
  CC      drivers/net/usb/asix_common.o
  CC      drivers/md/dm-rq.o
  CC      drivers/net/bonding/bond_options.o
  CC      drivers/mmc/host/cqhci-crypto.o
  CC      drivers/misc/e404_attributes.o
  CC      drivers/net/loopback.o
  CC      lib/ioremap.o
  CC      drivers/misc/ntsync.o
  CC      drivers/net/tun.o
  CC      fs/statfs.o
  CC      drivers/net/veth.o
  CC      net/wireless/of.o
  CC      drivers/net/wireguard/queueing.o
  CC      drivers/net/ppp/pptp.o
  CC      drivers/net/wireguard/send.o
  CC      drivers/mmc/core/sd.o
  CC      drivers/media/radio/rtc6226/radio-rtc6226-common.o
  CC      drivers/md/dm-builtin.o
3 warnings generated.
  CC      drivers/net/phy/swphy.o
  CC      drivers/media/platform/msm/npu/npu_mgr.o
../drivers/iommu/arm-smmu.c:1940:26: warning: unused variable 'smmu' [-Wunused-variable]
 1940 |         struct arm_smmu_device *smmu = smmu_domain->smmu;
      |                                 ^~~~
  CC      drivers/net/phy/fixed_phy.o
  CC      drivers/net/usb/ax88172a.o
  CC      drivers/net/usb/ax88179_178a.o
  CC      net/netfilter/nf_conntrack_tftp.o
In file included from ../techpack/display/msm/sde/sde_hw_intf.c:9:
In file included from ../techpack/display/msm/sde/sde_hw_intf.h:13:
In file included from ../techpack/display/msm/sde/sde_kms.h:27:
../techpack/display/msm/msm_kms.h:131:15: warning: declaration of 'struct msm_iris_operate_value' will not be visible outside of this function [-Wvisibility]
  131 |                             struct msm_iris_operate_value *operate_value);
      |                                    ^
../drivers/iommu/arm-smmu.c:3751:17: warning: unused variable 'dev' [-Wunused-variable]
 3751 |         struct device *dev = smmu->dev;
      |                        ^~~
In file included from ../techpack/display/msm/sde/sde_hw_lm.c:8:
In file included from ../techpack/display/msm/sde/sde_kms.h:27:
../techpack/display/msm/msm_kms.h:131:15: warning: declaration of 'struct msm_iris_operate_value' will not be visible outside of this function [-Wvisibility]
  131 |                             struct msm_iris_operate_value *operate_value);
      |                                    ^
  CC      drivers/mmc/host/cqhci-crypto-qti.o
1 warning generated.
../drivers/net/ethernet/aquantia/atlantic-fwd/atl_fwd.c:344:19: warning: unused variable 'nic' [-Wunused-variable]
  344 |                 struct atl_nic *nic = ring->nic;
      |                                 ^~~
  CC      drivers/net/wireless/cnss2/genl.o
1 warning generated.
  CC      net/ipv6/proc.o
  CC      techpack/display/msm/sde/sde_hw_ctl.o
2 warnings generated.
  CC      techpack/display/msm/sde/sde_hw_util.o
1 warning generated.
  CC      drivers/gpu/drm/drm_crtc.o
  CC      drivers/mmc/core/sd_ops.o
  CC      drivers/media/platform/msm/synx/synx.o
  CC      net/wireless/regdb.o
  CC      kernel/audit.o
  CC      drivers/net/ethernet/aquantia/atlantic-fwd/atl_compat.o
  CC      drivers/net/wireless/cnss2/qmi.o
  CC      drivers/media/platform/msm/synx/synx_util.o
  CC      lib/irq_regs.o
  CC      drivers/net/wireless/cnss2/coexistence_service_v01.o
  CC      techpack/display/msm/sde/sde_hw_sspp.o
  CC      drivers/net/wireguard/receive.o
  CC      techpack/display/msm/sde/sde_hw_wb.o
  CC      drivers/net/wireless/cnss2/ip_multimedia_subsystem_private_service_v01.o
  CC      kernel/auditfilter.o
  CC      fs/fs_pin.o
  CC      lib/is_single_threaded.o
  CC      drivers/net/bonding/bond_procfs.o
  CC      net/ipv6/syncookies.o
  CC      drivers/media/platform/msm/cvp/msm_cvp_platform.o
  CC      net/ipv4/ip_tunnel_core.o
  CC      net/ipv6/ah6.o
  CC      drivers/net/wireguard/socket.o
  CC      net/ipv6/esp6.o
  CC      kernel/auditsc.o
  CC      net/ipv6/ipcomp6.o
  CC      drivers/mmc/core/sdio.o
  CC      drivers/net/phy/microchip.o
  CC      drivers/md/dm-bufio.o
  CC      drivers/net/usb/cdc_ether.o
  CC      drivers/gpu/drm/drm_fourcc.o
  CC      net/netfilter/nf_log_common.o
  CC      drivers/media/v4l2-core/v4l2-dev.o
  CC      drivers/mmc/core/sdio_ops.o
  CC      net/netfilter/nf_nat_core.o
  CC      kernel/audit_watch.o
  CC [M]  drivers/media/usb/gspca/gspca.o
In file included from ../techpack/display/msm/sde/sde_hw_util.c:9:
In file included from ../techpack/display/msm/sde/sde_kms.h:27:
../techpack/display/msm/msm_kms.h:131:15: warning: declaration of 'struct msm_iris_operate_value' will not be visible outside of this function [-Wvisibility]
  131 |                             struct msm_iris_operate_value *operate_value);
      |                                    ^
  CC      lib/klist.o
2 warnings generated.
  CC [M]  drivers/media/usb/gspca/autogain_functions.o
  CC      net/wireless/shipped-certs.o
  CC      techpack/display/msm/sde/sde_hw_pingpong.o
  CC      net/ipv6/xfrm6_tunnel.o
  CC      fs/nsfs.o
  CC      net/ipv6/tunnel6.o
  CC      net/ipv6/xfrm6_mode_transport.o
  CC      drivers/md/dm-crypt.o
In file included from ../techpack/display/msm/sde/sde_hw_sspp.c:13:
In file included from ../techpack/display/msm/sde/sde_kms.h:27:
../techpack/display/msm/msm_kms.h:131:15: warning: declaration of 'struct msm_iris_operate_value' will not be visible outside of this function [-Wvisibility]
  131 |                             struct msm_iris_operate_value *operate_value);
      |                                    ^
  CC      lib/kobject.o
  CC      drivers/md/dm-default-key.o
  CC      kernel/audit_fsnotify.o
  CC      drivers/net/ethernet/aquantia/atlantic-fwd/atl_hwmon.o
1 warning generated.
In file included from ../techpack/display/msm/sde/sde_hw_wb.c:12:
In file included from ../techpack/display/msm/sde/sde_kms.h:27:
../techpack/display/msm/msm_kms.h:131:15: warning: declaration of 'struct msm_iris_operate_value' will not be visible outside of this function [-Wvisibility]
  131 |                             struct msm_iris_operate_value *operate_value);
      |                                    ^
  CC      kernel/audit_tree.o
In file included from ../techpack/display/msm/sde/sde_hw_ctl.c:10:
In file included from ../techpack/display/msm/sde/sde_kms.h:27:
../techpack/display/msm/msm_kms.h:131:15: warning: declaration of 'struct msm_iris_operate_value' will not be visible outside of this function [-Wvisibility]
  131 |                             struct msm_iris_operate_value *operate_value);
      |                                    ^
  CC      drivers/nvmem/core.o
1 warning generated.
1 warning generated.
  CC      net/netfilter/nf_nat_proto_unknown.o
  CC      drivers/media/media-device.o
  CC      drivers/net/usb/net1080.o
  CC      net/wireless/wext-core.o
  CC      drivers/net/wireguard/peerlookup.o
1 warning generated.
  CC      drivers/media/media-devnode.o
  CC      techpack/display/msm/sde/sde_hw_top.o
  CC      drivers/media/platform/msm/cvp/msm_cvp_common.o
  CC      fs/buffer.o
  CC      net/netfilter/nf_nat_proto_common.o
  CC      net/netfilter/nf_nat_proto_udp.o
  CC      drivers/gpu/drm/drm_modes.o
  CC      net/ipv4/gre_offload.o
  CC      net/netfilter/nf_nat_proto_tcp.o
  CC      drivers/mmc/core/sdio_bus.o
  CC      drivers/media/v4l2-core/v4l2-ioctl.o
  CC      net/wireless/wext-proc.o
  CC      drivers/net/wireguard/allowedips.o
  CC      drivers/net/wireguard/ratelimiter.o
  CC      drivers/nvmem/qfprom.o
  CC      techpack/display/msm/sde/sde_hw_interrupts.o
  CC      net/ipv4/metrics.o
In file included from ../techpack/display/msm/sde/sde_hw_pingpong.c:13:
In file included from ../techpack/display/msm/sde/sde_kms.h:27:
../techpack/display/msm/msm_kms.h:131:15: warning: declaration of 'struct msm_iris_operate_value' will not be visible outside of this function [-Wvisibility]
  131 |                             struct msm_iris_operate_value *operate_value);
      |                                    ^
  CC      lib/kobject_uevent.o
  CC      net/ipv6/xfrm6_mode_tunnel.o
  CC      drivers/gpu/drm/drm_edid.o
  AR [M]  drivers/media/usb/gspca/gspca_main.o
  CC      drivers/gpu/drm/drm_info.o
1 warning generated.
  CC      drivers/nvmem/qcom-spmi-sdam.o
  CC      drivers/md/dm-snap.o
  CC      techpack/display/msm/sde/sde_hw_vbif.o
  CC      techpack/display/msm/sde/sde_hw_blk.o
  CC      drivers/of/base.o
  CC      drivers/media/usb/uvc/uvc_driver.o
  CC      net/wireless/wext-spy.o
  CC      drivers/media/v4l2-core/v4l2-device.o
  CC      drivers/gpu/drm/drm_encoder_slave.o
  CC      net/wireless/wext-priv.o
  CC      drivers/media/usb/uvc/uvc_queue.o
  CC      drivers/media/usb/uvc/uvc_v4l2.o
  CC      drivers/media/usb/uvc/uvc_video.o
  CC      drivers/gpu/drm/drm_trace_points.o
  CC      drivers/net/ethernet/cavium/common/cavium_ptp.o
  CC      drivers/media/platform/msm/cvp/msm_cvp_core.o
  CC      fs/block_dev.o
In file included from ../techpack/display/msm/sde/sde_hw_top.c:10:
In file included from ../techpack/display/msm/sde/sde_kms.h:27:
../techpack/display/msm/msm_kms.h:131:15: warning: declaration of 'struct msm_iris_operate_value' will not be visible outside of this function [-Wvisibility]
  131 |                             struct msm_iris_operate_value *operate_value);
      |                                    ^
  CC      drivers/gpu/drm/drm_global.o
  CC      net/ipv4/netlink.o
  CC      drivers/gpu/drm/drm_prime.o
1 warning generated.
  CC      drivers/opp/core.o
  CC      drivers/media/v4l2-core/v4l2-fh.o
  CC      drivers/gpu/drm/drm_rect.o
  CC      drivers/md/dm-exception-store.o
  CC      drivers/mmc/core/sdio_cis.o
  CC      drivers/opp/cpu.o
  CC      drivers/net/usb/cdc_subset.o
  CC      net/ipv4/udp_tunnel_stub.o
  CC      net/ipv4/ip_tunnel.o
  CC      fs/direct-io.o
  CC      drivers/opp/of.o
  CC      drivers/media/platform/msm/cvp/msm_cvp.o
  CC      drivers/pci/controller/pci-msm.o
  CC      drivers/media/usb/uvc/uvc_ctrl.o
  CC      drivers/perf/arm_dsu_pmu.o
  CC      drivers/pci/access.o
  CC      drivers/perf/arm_pmu.o
  CC      drivers/gpu/drm/drm_vma_manager.o
  CC      drivers/pci/controller/pci-msm-msi.o
  CC      drivers/gpu/drm/drm_flip_work.o
  CC      drivers/of/device.o
  CC      drivers/of/platform.o
In file included from ../techpack/display/msm/sde/sde_hw_interrupts.c:9:
In file included from ../techpack/display/msm/sde/sde_kms.h:27:
../techpack/display/msm/msm_kms.h:131:15: warning: declaration of 'struct msm_iris_operate_value' will not be visible outside of this function [-Wvisibility]
  131 |                             struct msm_iris_operate_value *operate_value);
      |                                    ^
  CC      net/ipv4/sysctl_net_ipv4.o
  CC      drivers/pci/bus.o
  CC      net/ipv6/xfrm6_mode_beet.o
  CC      drivers/net/wireguard/cookie.o
  CC      net/netfilter/nf_nat_helper.o
  CC      drivers/media/v4l2-core/v4l2-event.o
  CC      net/ipv4/proc.o
  CC      net/ipv4/fib_rules.o
  CC      net/netfilter/nf_nat_proto_dccp.o
  CC      drivers/md/dm-snap-transient.o
  CC      net/netfilter/nf_nat_proto_sctp.o
1 warning generated.
  CC      drivers/media/usb/uvc/uvc_status.o
  CC      fs/mpage.o
  CC      techpack/display/msm/sde/sde_formats.o
  CC      drivers/of/property.o
  CC      drivers/pci/probe.o
  CC      lib/nodemask.o
  CC      drivers/mmc/core/sdio_io.o
  CC      lib/plist.o
  CC      drivers/media/v4l2-core/v4l2-ctrls.o
  CC      drivers/net/wireguard/netlink.o
  CC      drivers/mmc/core/sdio_irq.o
  CC      drivers/phy/qualcomm/phy-qcom-ufs.o
  CC      techpack/display/msm/sde_power_handle.o
  CC      drivers/media/media-entity.o
  CC      drivers/net/usb/zaurus.o
  CC      drivers/perf/arm_pmu_platform.o
  CC      drivers/phy/qualcomm/phy-qcom-ufs-qrbtc-sdm845.o
  CC      net/ipv4/gre_demux.o
  CC      drivers/media/platform/msm/cvp/msm_smem.o
  CC      drivers/net/ethernet/intel/igb/igb_main.o
  CC      drivers/media/platform/msm/cvp/msm_cvp_debug.o
  CC      techpack/display/msm/sde/sde_hw_color_processing_v1_7.o
  CC      lib/radix-tree.o
  CC      lib/ratelimit.o
  CC      drivers/perf/qcom_llcc_pmu.o
  CC      kernel/kprobes.o
  CC      net/netfilter/nf_nat_redirect.o
  CC      lib/rbtree.o
  CC      drivers/of/kobj.o
  CC      drivers/power/reset/msm-poweroff.o
  CC      lib/seq_buf.o
  CC      drivers/platform/msm/gsi/gsi.o
  CC      lib/sha1.o
  CC      drivers/md/dm-snap-persistent.o
  CC      drivers/gpu/drm/drm_modeset_lock.o
  CC      drivers/pps/pps.o
  CC      lib/show_mem.o
  CC      drivers/pinctrl/qcom/pinctrl-msm.o
  CC      kernel/seccomp.o
  CC      drivers/platform/msm/ipa/ipa_clients/ipa_usb.o
  CC      drivers/net/ethernet/marvell/sky2.o
In file included from ../techpack/display/msm/sde/sde_formats.c:11:
In file included from ../techpack/display/msm/sde/sde_kms.h:27:
../techpack/display/msm/msm_kms.h:131:15: warning: declaration of 'struct msm_iris_operate_value' will not be visible outside of this function [-Wvisibility]
  131 |                             struct msm_iris_operate_value *operate_value);
      |                                    ^
  CC      kernel/utsname_sysctl.o
  CC      drivers/phy/qualcomm/phy-qcom-ufs-qmp-v4.o
  CC      kernel/taskstats.o
  CC      drivers/media/usb/uvc/uvc_isight.o
  CC      drivers/platform/msm/ipa/ipa_v3/ipahal/ipahal.o
  CC      drivers/platform/msm/ipa/ipa_v3/ipahal/ipahal_reg.o
  CC      drivers/media/usb/uvc/uvc_debugfs.o
  CC      drivers/platform/msm/ipa/ipa_api.o
  CC      drivers/media/v4l2-core/v4l2-subdev.o
  CC      drivers/pps/kapi.o
  CC      fs/proc_namespace.o
  CC      drivers/mmc/core/slot-gpio.o
  CC      drivers/md/dm-verity-fec.o
1 warning generated.
  CC      drivers/of/fdt.o
  CC      lib/siphash.o
  CC      drivers/pps/sysfs.o
  CC      drivers/power/reset/xgene-reboot.o
  CC      techpack/display/msm/sde/sde_reg_dma.o
  CC      techpack/display/msm/sde/sde_hw_reg_dma_v1.o
  CC      drivers/net/usb/usbnet.o
  CC      drivers/platform/msm/ipa/ipa_v3/ipa.o
  CC      drivers/net/usb/cdc_ncm.o
  CC      drivers/power/supply/qcom/step-chg-jeita.o
  CC      drivers/ptp/ptp_clock.o
  CC      drivers/power/supply/qcom/battery.o
  CC      drivers/pwm/core.o
  CC      net/ipv6/mip6.o
  CC      drivers/media/platform/msm/cvp/msm_cvp_res_parse.o
  CC      drivers/media/v4l2-core/v4l2-clk.o
  CC      drivers/platform/msm/sps/bam.o
  CC      drivers/power/supply/qcom/qpnp-smb5.o
  CC      drivers/platform/msm/sps/sps_bam.o
  CC      drivers/platform/msm/msm_ext_display.o
  CC      drivers/phy/phy-core.o
  CC      drivers/platform/msm/sps/sps.o
  CC      net/ipv4/udp_tunnel_core.o
../drivers/net/ethernet/intel/igb/igb_main.c:1389:18: warning: unused variable 'pdev' [-Wunused-variable]
 1389 |         struct pci_dev *pdev = adapter->pdev;
      |                         ^~~~
  CC      drivers/platform/msm/ipa/ipa_v3/ipa_hdr.o
../drivers/net/ethernet/intel/igb/igb_main.c:2269:18: warning: unused variable 'pdev' [-Wunused-variable]
 2269 |         struct pci_dev *pdev = adapter->pdev;
      |                         ^~~~
  CC      drivers/platform/msm/sps/sps_dma.o
  CC      drivers/media/usb/uvc/uvc_metadata.o
  CC      drivers/gpu/drm/drm_atomic.o
  CC      fs/eventpoll.o
  CC      net/ipv6/ip6_vti.o
  CC      drivers/pinctrl/qcom/pinctrl-spmi-gpio.o
  CC      drivers/platform/msm/ipa/ipa_clients/odu_bridge.o
../drivers/net/ethernet/intel/igb/igb_main.c:4115:18: warning: unused variable 'pdev' [-Wunused-variable]
 4115 |         struct pci_dev *pdev = adapter->pdev;
      |                         ^~~~
  CC      drivers/power/reset/syscon-reboot.o
  CC      net/ipv6/sit.o
../drivers/net/ethernet/intel/igb/igb_main.c:4265:18: warning: unused variable 'pdev' [-Wunused-variable]
 4265 |         struct pci_dev *pdev = adapter->pdev;
      |                         ^~~~
  CC      drivers/pwm/sysfs.o
../drivers/net/ethernet/intel/igb/igb_main.c:6281:18: warning: unused variable 'pdev' [-Wunused-variable]
 6281 |         struct pci_dev *pdev = adapter->pdev;
      |                         ^~~~
../drivers/net/ethernet/intel/igb/igb_main.c:7404:18: warning: unused variable 'pdev' [-Wunused-variable]
 7404 |         struct pci_dev *pdev = adapter->pdev;
      |                         ^~~~
../drivers/net/ethernet/intel/igb/igb_main.c:7470:18: warning: unused variable 'pdev' [-Wunused-variable]
 7470 |         struct pci_dev *pdev = adapter->pdev;
      |                         ^~~~
  CC      net/netfilter/nf_nat_amanda.o
../drivers/net/ethernet/intel/igb/igb_main.c:7520:18: warning: unused variable 'pdev' [-Wunused-variable]
 7520 |         struct pci_dev *pdev = adapter->pdev;
      |                         ^~~~
  CC      lib/string.o
  CC      lib/timerqueue.o
../drivers/net/ethernet/intel/igb/igb_main.c:8718:18: warning: unused variable 'pdev' [-Wunused-variable]
 8718 |         struct pci_dev *pdev = adapter->pdev;
      |                         ^~~~
  CC      drivers/platform/msm/ipa/ipa_v3/ipa_flt.o
../drivers/net/ethernet/intel/igb/igb_main.c:9590:18: warning: unused variable 'pdev' [-Wunused-variable]
 9590 |         struct pci_dev *pdev = adapter->pdev;
      |                         ^~~~
  CC      net/ipv6/ip6_tunnel.o
  CC      fs/anon_inodes.o
  CC      lib/vsprintf.o
  CC      drivers/platform/msm/ipa/ipa_v3/ipahal/ipahal_fltrt.o
  CC      drivers/mmc/core/pwrseq.o
  CC      drivers/pinctrl/qcom/pinctrl-spmi-mpp.o
  CC      drivers/mmc/core/pwrseq_simple.o
  CC      drivers/pci/host-bridge.o
  CC      drivers/of/fdt_address.o
  CC      kernel/tsacct.o
../techpack/display/msm/sde/sde_hw_reg_dma_v1.c:494:28: warning: overlapping comparisons always evaluate to false [-Wtautological-overlap-compare]
  494 |         if (cfg->ctl->idx < CTL_0 && cfg->ctl->idx >= CTL_MAX) {
      |             ~~~~~~~~~~~~~~~~~~~~~~^~~~~~~~~~~~~~~~~~~~~~~~~~~
  CC      drivers/net/ethernet/intel/igb/igb_ethtool.o
  CC      drivers/platform/msm/ipa/ipa_v3/ipahal/ipahal_hw_stats.o
../drivers/net/ethernet/marvell/sky2.c:2862:18: warning: unused variable 'pdev' [-Wunused-variable]
 2862 |         struct pci_dev *pdev = hw->pdev;
      |                         ^~~~
  CC      drivers/media/v4l2-core/v4l2-async.o
  CC      drivers/pwm/pwm-qti-lpg.o
  CC      net/netfilter/nf_nat_ftp.o
  CC      drivers/gpu/drm/drm_bridge.o
  CC      drivers/platform/msm/qpnp-revid.o
  CC      drivers/ptp/ptp_chardev.o
1 warning generated.
  CC      net/netfilter/nf_nat_irc.o
  CC      drivers/media/usb/uvc/uvc_entity.o
  CC      drivers/md/dm-verity-target.o
  CC      drivers/media/platform/msm/cvp/cvp_hfi.o
  CC      drivers/media/platform/msm/cvp/hfi_response_handler.o
  CC      techpack/display/msm/sde/sde_hw_dsc.o
  CC      drivers/pinctrl/qcom/pinctrl-kona.o
  CC      drivers/media/platform/msm/cvp/hfi_packetization.o
  CC      drivers/platform/msm/sps/sps_map.o
  CC      drivers/pinctrl/core.o
  CC      drivers/media/platform/msm/cvp/cvp_core_hfi.o
  CC      drivers/power/supply/qcom/smb5-lib.o
  CC      drivers/power/supply/qcom/pmic-voter.o
  CC      drivers/of/address.o
  CC      drivers/power/supply/qcom/storm-watch.o
  CC      drivers/of/irq.o
  CC      drivers/platform/msm/sps/sps_mem.o
  CC      drivers/pci/remove.o
  CC      drivers/pci/pci.o
  CC      drivers/ptp/ptp_sysfs.o
../drivers/media/v4l2-core/v4l2-async.c:374:17: warning: unused variable 'dev' [-Wunused-variable]
  374 |         struct device *dev =
      |                        ^~~
  CC      net/ipv4/udp_tunnel_nic.o
  CC      drivers/pinctrl/pinctrl-utils.o
  CC      drivers/media/v4l2-core/v4l2-compat-ioctl32.o
  CC      net/netfilter/nf_nat_tftp.o
1 warning generated.
  CC      fs/signalfd.o
  CC      drivers/ras/ras.o
  CC      drivers/platform/msm/ipa/ipa_clients/ipa_mhi_client.o
  CC      drivers/media/v4l2-core/v4l2-trace.o
  CC      drivers/media/v4l2-core/v4l2-mc.o
  CC      drivers/net/ethernet/intel/igb/e1000_82575.o
  CC      drivers/ras/debugfs.o
  CC      drivers/platform/msm/ipa/ipa_v3/ipahal/ipahal_nat.o
  CC      kernel/tracepoint.o
  CC      drivers/power/supply/qcom/schgm-flash.o
1 warning generated.
  CC      net/netfilter/nf_conncount.o
  CC      drivers/mmc/core/pwrseq_emmc.o
  CC      drivers/of/of_net.o
  CC      drivers/power/supply/qcom/qpnp-fg-gen4.o
  CC      drivers/platform/msm/ipa/ipa_clients/ipa_uc_offload.o
  CC      drivers/gpu/drm/drm_framebuffer.o
  CC      drivers/platform/msm/sps/sps_rm.o
  CC      net/netfilter/x_tables.o
  CC      drivers/media/platform/msm/cvp/msm_cvp_clocks.o
  CC      drivers/mmc/core/block.o
  CC      kernel/irq_work.o
  CC      drivers/md/dm-bow.o
In file included from ../techpack/display/msm/sde/sde_hw_dsc.c:12:
In file included from ../techpack/display/msm/sde/sde_kms.h:27:
../techpack/display/msm/msm_kms.h:131:15: warning: declaration of 'struct msm_iris_operate_value' will not be visible outside of this function [-Wvisibility]
  131 |                             struct msm_iris_operate_value *operate_value);
      |                                    ^
  CC      drivers/platform/msm/ipa/ipa_v3/ipa_rt.o
  CC      drivers/pinctrl/pinmux.o
1 warning generated.
  CC      net/ipv6/addrconf_core.o
  CC      lib/win_minmax.o
  CC      lib/xarray.o
  CC      techpack/display/msm/sde/sde_hw_ds.o
  CC      drivers/platform/msm/ipa/ipa_rm.o
  CC      drivers/mmc/core/queue.o
  CC      drivers/platform/msm/usb_bam.o
  CC      drivers/media/platform/msm/cvp/msm_cvp_dsp.o
  CC      net/ipv6/exthdrs_core.o
  CC      drivers/gpu/drm/drm_connector.o
  CC      drivers/gpu/drm/drm_blend.o
  CC      net/netfilter/xt_tcpudp.o
  CC      net/ipv4/ip_vti.o
  CC      fs/timerfd.o
  CC      net/ipv4/syncookies.o
  CC      drivers/gpu/drm/drm_encoder.o
  CC      net/ipv4/ah4.o
  CC      drivers/power/supply/power_supply_core.o
10 warnings generated.
  CC      net/ipv6/ip6_checksum.o
  CC      drivers/gpu/drm/drm_mode_object.o
  CC      fs/eventfd.o
  CC      net/ipv6/ip6_icmp.o
  CC      drivers/power/supply/power_supply_sysfs.o
  CC      net/ipv6/output_core.o
  CC      net/ipv6/protocol.o
  CC      techpack/display/msm/sde/sde_fence.o
  CC      techpack/display/msm/sde/sde_hw_qdss.o
  CC      drivers/of/of_mdio.o
  CC      drivers/pinctrl/pinconf.o
  CC      drivers/pinctrl/devicetree.o
  CC      techpack/display/msm/sde_dbg.o
  CC      drivers/pinctrl/pinconf-generic.o
  CC      drivers/platform/msm/ipa/ipa_rm_dependency_graph.o
  CC      drivers/power/supply/power_supply_leds.o
  CC      drivers/regulator/core.o
  CC      drivers/platform/msm/ipa/ipa_clients/ipa_wdi3.o
  GEN     lib/crc32table.h
  CC      net/ipv6/ip6_offload.o
  CC      lib/crc32.o
  CC      drivers/regulator/dummy.o
  CC      net/ipv6/tcpv6_offload.o
  CC      net/ipv6/exthdrs_offload.o
  CC      drivers/net/ethernet/intel/igb/e1000_mac.o
  CC      net/ipv6/inet6_hashtables.o
  CC      drivers/md/dm-user.o
In file included from ../techpack/display/msm/sde/sde_hw_ds.c:9:
In file included from ../techpack/display/msm/sde/sde_kms.h:27:
../techpack/display/msm/msm_kms.h:131:15: warning: declaration of 'struct msm_iris_operate_value' will not be visible outside of this function [-Wvisibility]
  131 |                             struct msm_iris_operate_value *operate_value);
      |                                    ^
  CC      net/netfilter/xt_mark.o
1 warning generated.
  CC      drivers/pci/pci-driver.o
  CC      drivers/regulator/fixed-helper.o
  CC      drivers/net/ethernet/intel/igb/e1000_nvm.o
../drivers/pinctrl/pinconf-generic.c:296:17: warning: unused variable 'dev' [-Wunused-variable]
  296 |         struct device *dev = pctldev->dev;
      |                        ^~~
  CC      drivers/regulator/helpers.o
  CC      drivers/media/v4l2-core/v4l2-common.o
1 warning generated.
  CC      drivers/pci/search.o
  CC      net/ipv6/ip6_udp_tunnel.o
  CC      net/ipv6/mcast_snoop.o
  CC      drivers/media/v4l2-core/v4l2-dv-timings.o
  CC      drivers/regulator/devres.o
  CC      drivers/platform/msm/ipa/ipa_clients/ipa_gsb.o
  CC      drivers/pci/pci-sysfs.o
  CC      drivers/power/supply/qcom/fg-memif.o
  CC      drivers/pci/rom.o
  CC      drivers/platform/msm/ipa/ipa_rm_peers_list.o
  CC      drivers/pinctrl/pinctrl-sx150x.o
  CC      net/ipv4/esp4.o
  CC      drivers/platform/msm/ipa/ipa_v3/ipa_dp.o
In file included from ../techpack/display/msm/sde/sde_hw_qdss.c:11:
In file included from ../techpack/display/msm/sde/sde_kms.h:27:
../techpack/display/msm/msm_kms.h:131:15: warning: declaration of 'struct msm_iris_operate_value' will not be visible outside of this function [-Wvisibility]
  131 |                             struct msm_iris_operate_value *operate_value);
      |                                    ^
In file included from ../techpack/display/msm/sde/sde_fence.c:10:
In file included from ../techpack/display/msm/sde/sde_kms.h:27:
../techpack/display/msm/msm_kms.h:131:15: warning: declaration of 'struct msm_iris_operate_value' will not be visible outside of this function [-Wvisibility]
  131 |                             struct msm_iris_operate_value *operate_value);
      |                                    ^
  CC      net/netfilter/xt_connmark.o
1 warning generated.
  CC      drivers/gpu/drm/drm_property.o
  CC      drivers/platform/msm/ipa/ipa_clients/ipa_wigig.o
  CC      techpack/display/msm/sde_dbg_evtlog.o
  CC      drivers/of/of_reserved_mem.o
1 warning generated.
  CC      fs/userfaultfd.o
  CC      fs/aio.o
  CC      fs/locks.o
  CC      drivers/platform/msm/ipa/ipa_clients/rndis_ipa.o
  CC      fs/compat.o
  CC      fs/compat_ioctl.o
  CC      drivers/platform/msm/qcom-geni-se.o
  CC      drivers/power/supply/qcom/fg-util.o
  CC      kernel/cpu_pm.o
  CC      net/netfilter/xt_nat.o
  CC      drivers/of/of_slimbus.o
  CC      drivers/platform/msm/ipa/ipa_v3/ipa_client.o
  CC      drivers/pci/setup-res.o
  CC      drivers/pci/irq.o
  CC      net/netfilter/xt_CLASSIFY.o
  CC      drivers/regulator/of_regulator.o
  CC      drivers/power/supply/qcom/fg-alg.o
  CC      drivers/media/v4l2-core/v4l2-mem2mem.o
  CC      drivers/gpu/drm/drm_plane.o
  CC      drivers/of/of_batterydata.o
  CC      net/netfilter/xt_CONNSECMARK.o
  CC      drivers/platform/msm/ipa/ipa_v3/ipa_utils.o
  CC      net/ipv4/ipcomp.o
  CC      net/netfilter/xt_CT.o
  CC      drivers/platform/msm/ipa/ipa_v3/ipa_nat.o
  CC      fs/binfmt_script.o
  CC      drivers/gpu/drm/drm_color_mgmt.o
  CC      drivers/platform/msm/ipa/ipa_v3/ipa_intf.o
  CC      drivers/regulator/fixed.o
  CC      net/netfilter/xt_DSCP.o
  CC      techpack/display/msm/sde/sde_hw_rc.o
  CC      drivers/pci/vpd.o
  CC      drivers/platform/msm/ipa/ipa_rm_resource.o
  CC      drivers/platform/msm/ipa/ipa_rm_inactivity_timer.o
  CC      drivers/net/ethernet/intel/igb/e1000_phy.o
  CC      kernel/scs.o
  CC      drivers/reset/core.o
  CC      fs/binfmt_elf.o
  CC      fs/compat_binfmt_elf.o
  CC      fs/mbcache.o
  CC      fs/posix_acl.o
  CC      techpack/display/msm/sde/sde_wb.o
  CC      net/ipv4/xfrm4_tunnel.o
  CC      kernel/jump_label.o
  CC      net/netfilter/xt_LOG.o
  CC      drivers/platform/msm/ipa/ipa_v3/teth_bridge.o
  CC      drivers/regulator/proxy-consumer.o
  CC      drivers/gpu/drm/drm_dumb_buffers.o
  CC      drivers/regulator/qcom_pm8008-regulator.o
  CC      drivers/gpu/drm/drm_mode_config.o
  CC      drivers/net/ethernet/intel/igb/e1000_mbx.o
  CC      drivers/rpmsg/rpmsg_core.o
  CC      drivers/platform/msm/ipa/ipa_v3/ipa_interrupts.o
../drivers/platform/msm/ipa/ipa_v3/ipa_dp.c:4078:27: warning: unused variable 'dd' [-Wunused-variable]
 4078 |         struct ipa_tx_data_desc *dd = (struct ipa_tx_data_desc *)user1;
      |                                  ^~
  CC      drivers/rpmsg/rpmsg_char.o
  CC      drivers/rtc/rtc-lib.o
  GEN     drivers/scsi/scsi_devinfo_tbl.c
  CC      drivers/scsi/ufs/ufs-qcom.o
  CC      drivers/scsi/scsi.o
  CC      drivers/sensors/sensors_ssc.o
  CC      drivers/gpu/drm/drm_vblank.o
  CC      drivers/scsi/hosts.o
  CC      techpack/display/msm/sde/sde_encoder_phys_wb.o
  CC      fs/coredump.o
  CC      fs/drop_caches.o
  CC      fs/iomap.o
  CC      drivers/regulator/qpnp-lcdb-regulator.o
  CC      techpack/display/msm/sde_rsc.o
  CC      drivers/pci/setup-bus.o
  CC      techpack/display/msm/sde_rsc_hw.o
  CC      net/netfilter/xt_NETMAP.o
  CC      drivers/regulator/qpnp-amoled-regulator.o
  CC      drivers/scsi/scsi_ioctl.o
In file included from ../techpack/display/msm/sde/sde_hw_rc.c:8:
In file included from ../techpack/display/msm/sde/sde_kms.h:27:
../techpack/display/msm/msm_kms.h:131:15: warning: declaration of 'struct msm_iris_operate_value' will not be visible outside of this function [-Wvisibility]
  131 |                             struct msm_iris_operate_value *operate_value);
      |                                    ^
  CC      techpack/display/msm/sde_rsc_hw_v3.o
  CC      drivers/pci/vc.o
  CC      drivers/slimbus/slimbus.o
  CC      drivers/rpmsg/qcom_glink_native.o
  CC      net/netfilter/xt_NFLOG.o
  CC      drivers/rpmsg/qcom_glink_smem.o
1 warning generated.
In file included from ../techpack/display/msm/sde/sde_wb.c:10:
../techpack/display/msm/msm_kms.h:131:15: warning: declaration of 'struct msm_iris_operate_value' will not be visible outside of this function [-Wvisibility]
  131 |                             struct msm_iris_operate_value *operate_value);
      |                                    ^
  CC      fs/dcookies.o
  CC      drivers/rtc/hctosys.o
  CC      drivers/pci/mmap.o
  CC      drivers/slimbus/slim-msm.o
  CC      drivers/pci/setup-irq.o
1 warning generated.
  CC      net/ipv4/xfrm4_mode_beet.o
../drivers/platform/msm/ipa/ipa_v3/ipa_utils.c:4456:20: warning: unused function 'ipa3_get_nat_en_str' [-Wunused-function]
 4456 | static const char *ipa3_get_nat_en_str(enum ipa_nat_en_type nat_en)
      |                    ^~~~~~~~~~~~~~~~~~~
../drivers/platform/msm/ipa/ipa_v3/ipa_utils.c:4470:20: warning: unused function 'ipa3_get_ipv6ct_en_str' [-Wunused-function]
 4470 | static const char *ipa3_get_ipv6ct_en_str(enum ipa_ipv6ct_en_type ipv6ct_en)
      |                    ^~~~~~~~~~~~~~~~~~~~~~
  CC      drivers/platform/msm/ipa/ipa_v3/ipa_uc.o
  CC      drivers/scsi/scsicam.o
  CC      kernel/iomem.o
  CC      drivers/slimbus/slim-msm-ngd.o
  CC      techpack/display/msm/dsi/dsi_phy.o
  CC      techpack/display/msm/dsi/dsi_pwr.o
  CC      drivers/rpmsg/qcom_glink_spss.o
  CC      drivers/rtc/systohc.o
  CC      drivers/platform/msm/ipa/ipa_v3/ipa_uc_wdi.o
1 warning generated.
  CC      drivers/gpu/drm/drm_syncobj.o
  CC      drivers/net/ethernet/intel/igb/e1000_i210.o
  CC      drivers/gpu/drm/drm_lease.o
  CC      drivers/pci/proc.o
  CC      net/ipv4/tunnel4.o
  CC      net/ipv4/xfrm4_mode_transport.o
  CC      drivers/gpu/drm/drm_writeback.o
In file included from ../techpack/display/msm/sde/sde_encoder_phys_wb.c:10:
In file included from ../techpack/display/msm/sde/sde_encoder_phys.h:12:
In file included from ../techpack/display/msm/sde/sde_kms.h:27:
../techpack/display/msm/msm_kms.h:131:15: warning: declaration of 'struct msm_iris_operate_value' will not be visible outside of this function [-Wvisibility]
  131 |                             struct msm_iris_operate_value *operate_value);
      |                                    ^
  CC      drivers/scsi/ufs/ufshcd.o
  CC      drivers/rtc/class.o
  CC      drivers/regulator/refgen.o
  CC      drivers/rtc/interface.o
  CC      drivers/gpu/drm/drm_client.o
  CC      drivers/net/ethernet/intel/igb/igb_ptp.o
  CC      drivers/platform/msm/ipa/ipa_v3/ipa_dma.o
  CC      drivers/gpu/drm/drm_notifier_mi.o
  CC      techpack/display/msm/dsi/dsi_phy_hw_v2_0.o
  CC      drivers/spi/spi.o
  CC      net/netfilter/xt_NFQUEUE.o
  CC      net/ipv4/xfrm4_mode_tunnel.o
  CC      drivers/rtc/nvmem.o
  CC      drivers/scsi/ufs/ufs-sysfs.o
  CC      drivers/soc/qcom/msm_bus/msm_bus_core.o
2 warnings generated.
  CC      drivers/platform/msm/ipa/ipa_v3/ipa_uc_mhi.o
  CC      drivers/regulator/rpmh-regulator.o
  CC      techpack/display/msm/dsi/dsi_phy_hw_v3_0.o
  CC      net/netfilter/xt_REDIRECT.o
1 warning generated.
  CC      drivers/net/ethernet/intel/igb/igb_hwmon.o
  CC      drivers/soc/qcom/qdsp6v2/cdsp-loader.o
  CC      drivers/rtc/rtc-dev.o
  CC      drivers/scsi/ufs/ufshcd-crypto.o
  CC      drivers/platform/msm/ipa/ipa_v3/ipa_mhi.o
  CC      drivers/soc/qcom/msm_bus/msm_bus_client_api.o
  CC      drivers/soc/qcom/msm_bus/msm_bus_of.o
  CC      drivers/scsi/scsi_error.o
  CC      drivers/gpu/drm/drm_ioc32.o
  CC      net/ipv4/ipconfig.o
  CC      drivers/gpu/drm/ati_pcigart.o
  CC      net/netfilter/xt_SECMARK.o
  CC      drivers/platform/msm/ipa/ipa_v3/ipa_uc_ntn.o
In file included from ../techpack/display/msm/dsi/dsi_phy.c:15:
../techpack/display/msm/msm_kms.h:131:15: warning: declaration of 'struct msm_iris_operate_value' will not be visible outside of this function [-Wvisibility]
  131 |                             struct msm_iris_operate_value *operate_value);
      |                                    ^
  CC      drivers/spmi/spmi.o
  CC      drivers/pci/slot.o
  CC      drivers/spmi/spmi-pmic-arb.o
  CC      drivers/pci/of.o
1 warning generated.
  CC      drivers/spi/spidev.o
  CC      drivers/scsi/ufs/ufshcd-crypto-qti.o
  CC      techpack/display/msm/dsi/dsi_phy_hw_v4_0.o
  CC      drivers/spi/spi-geni-qcom.o
  CC      drivers/regulator/stub-regulator.o
  UPD     kernel/config_data.h
  CC      drivers/scsi/ufs/ufshcd-pltfrm.o
  CC      drivers/gpu/drm/drm_panel.o
  CC      drivers/rtc/rtc-proc.o
  CC      drivers/staging/android/ion/msm/msm_ion_of.o
  CC      drivers/spmi/spmi-pmic-arb-debug.o
  CC      drivers/rtc/rtc-sysfs.o
  CC      drivers/platform/msm/ipa/ipa_v3/ipa_hw_stats.o
  CC      drivers/staging/android/ion/ion.o
  CC      drivers/platform/msm/ipa/ipa_v3/ipa_pm.o
  CC      drivers/platform/msm/ipa/ipa_v3/ipa_wdi3_i.o
  CC      drivers/soc/qcom/msm_bus/msm_bus_fabric_rpmh.o
  CC      drivers/staging/android/ashmem.o
  CC      kernel/configs.o
  CC      drivers/gpu/drm/drm_of.o
  CC      drivers/net/ethernet/qualcomm/rmnet/rmnet_config.o
  CC      net/netfilter/xt_TPROXY.o
  CC      drivers/staging/android/ion/ion-ioctl.o
  CC      drivers/pci/quirks.o
  CC      net/ipv4/netfilter.o
  CC      drivers/net/ethernet/qualcomm/rmnet/rmnet_vnd.o
  CC      techpack/display/msm/dsi/dsi_phy_timing_calc.o
  CC      techpack/display/msm/dsi/dsi_phy_timing_v2_0.o
  CC      drivers/scsi/scsi_lib.o
  CC      drivers/rtc/rtc-pm8xxx.o
  CC      drivers/thermal/qcom/adc-tm.o
  CC      drivers/thermal/qcom/adc-tm-common.o
  CC      drivers/staging/android/ion/ion_heap.o
  CC      drivers/tty/serial/serial_core.o
  CC      drivers/pci/msi.o
  CC      drivers/scsi/constants.o
  CC      drivers/uio/uio.o
  CC      drivers/tty/serial/msm_geni_serial.o
  CC      drivers/soc/qcom/msm_bus/msm_bus_arb_rpmh.o
  CC      drivers/platform/msm/ipa/ipa_v3/ipa_odl.o
  CC      net/netfilter/xt_TCPMSS.o
  CC      drivers/scsi/scsi_lib_dma.o
  CC      drivers/pci/syscall.o
  CC      drivers/soc/qcom/rmnet_ctl/rmnet_ctl_client.o
  CC      drivers/soc/qcom/cmd-db.o
  CC      drivers/soc/qcom/msm_bus/msm_bus_rules.o
  CC      drivers/usb/class/cdc-acm.o
  CC      drivers/usb/common/common.o
  CC      drivers/soc/qcom/mdt_loader.o
  CC      net/netfilter/xt_TEE.o
  CC      drivers/soc/qcom/qmi_encdec.o
  CC      net/netfilter/xt_TRACE.o
  CC      net/ipv4/inet_diag.o
  CC      net/ipv4/tcp_diag.o
  CC      drivers/soc/qcom/qmi_interface.o
../drivers/thermal/qcom/adc-tm.c:219:17: warning: unused variable 'dev' [-Wunused-variable]
  219 |         struct device *dev = &pdev->dev;
      |                        ^~~
  CC      drivers/video/backlight/backlight.o
  CC      drivers/gpu/drm/drm_mipi_dsi.o
1 warning generated.
  CC      net/netfilter/xt_IDLETIMER.o
  CC      drivers/tty/tty_io.o
  CC      drivers/staging/qcacld-3.0/core/hdd/src/wlan_hdd_assoc.o
  CC      drivers/thermal/qcom/adc-tm5.o
  CC      net/netfilter/xt_HARDIDLETIMER.o
  CC      drivers/soc/qcom/qmi_rmnet.o
  CC      drivers/video/backlight/generic_bl.o
  CC      drivers/platform/msm/ipa/ipa_v3/ipa_wigig_i.o
  CC      drivers/thermal/qcom/adc-tm7.o
  CC      drivers/thermal/qcom/qti_virtual_sensor.o
  CC      drivers/video/backlight/qcom-spmi-wled.o
  CC      drivers/staging/android/ion/ion_page_pool.o
  CC      drivers/soc/qcom/msm_bus/msm_bus_bimc_rpmh.o
  CC      drivers/net/ethernet/qualcomm/rmnet/rmnet_handlers.o
  CC      drivers/video/hdmi.o
  CC      drivers/usb/core/usb.o
  CC      drivers/staging/qcacld-3.0/core/hdd/src/wlan_hdd_cfg.o
  CC      drivers/soc/qcom/msm_bus/msm_bus_noc_rpmh.o
../drivers/gpu/drm/drm_mipi_dsi.c:162:17: warning: unused variable 'dev' [-Wunused-variable]
  162 |         struct device *dev = host->dev;
      |                        ^~~
../drivers/gpu/drm/drm_mipi_dsi.c:209:17: warning: unused variable 'dev' [-Wunused-variable]
  209 |         struct device *dev = host->dev;
      |                        ^~~
  CC      drivers/soc/qcom/msm_bus/msm_bus_proxy_client.o
  CC      drivers/usb/dwc3/core.o
  CC      drivers/usb/dwc3/debug_ipc.o
  CC      drivers/thermal/qcom/thermal_sensor_service_v01.o
  CC      drivers/usb/dwc3/trace.o
  CC      drivers/soc/qcom/msm_bus/msm_bus_of_rpmh.o
  CC      drivers/usb/gadget/function/u_ether.o
2 warnings generated.
  CC      drivers/thermal/qcom/qmi_sensors.o
  CC      techpack/display/msm/dsi/dsi_phy_timing_v3_0.o
  CC      drivers/usb/dwc3/host.o
  CC      drivers/scsi/scsi_scan.o
  CC      drivers/gpu/drm/drm_panel_orientation_quirks.o
  CC      drivers/tty/n_tty.o
  CC      drivers/usb/host/pci-quirks.o
  CC      drivers/soc/qcom/rmnet_ctl/rmnet_ctl_mhi.o
  CC      drivers/soc/qcom/dfc_qmi.o
  CC      net/ipv4/udp_diag.o
  CC      drivers/scsi/scsi_sysfs.o
  CC      drivers/platform/msm/ipa/ipa_v3/dump/ipa_reg_dump.o
  CC      drivers/staging/qcacld-3.0/core/hdd/src/wlan_hdd_cfg80211.o
  CC      drivers/tty/tty_ioctl.o
  CC      drivers/soc/qcom/dfc_qmap.o
  CC      drivers/scsi/scsi_devinfo.o
  CC      drivers/soc/qcom/wda_qmi.o
  CC      drivers/usb/dwc3/gadget.o
  CC      drivers/thermal/qcom/bcl_pmic5.o
  CC      drivers/platform/msm/ipa/ipa_v3/rmnet_ipa.o
  CC      drivers/thermal/qcom/bcl_soc.o
  CC      drivers/thermal/qcom/thermal_mitigation_device_service_v01.o
../drivers/video/backlight/qcom-spmi-wled.c:1940:17: warning: unused variable 'dev' [-Wunused-variable]
 1940 |         struct device *dev = &wled->pdev->dev;
      |                        ^~~
  CC      net/ipv4/tcp_cubic.o
  CC      drivers/usb/isp1760/isp1760-core.o
  CC      drivers/usb/misc/ehset.o
  CC      drivers/usb/pd/policy_engine.o
  CC      drivers/platform/msm/ipa/ipa_v3/ipa_qmi_service_v01.o
  CC      drivers/net/ethernet/qualcomm/rmnet/rmnet_map_data.o
  CC      drivers/usb/pd/qpnp-pdphy.o
  CC      drivers/usb/gadget/udc/core.o
  CC      drivers/usb/core/hub.o
1 warning generated.
  CC      drivers/staging/qcacld-3.0/core/hdd/src/wlan_hdd_data_stall_detection.o
  CC      drivers/staging/android/ion/ion_system_heap.o
  CC      drivers/usb/dwc3/ep0.o
  CC      drivers/staging/android/ion/ion_carveout_heap.o
  CC      net/netfilter/xt_bpf.o
  CC      drivers/staging/qcacld-3.0/core/hdd/src/wlan_hdd_driver_ops.o
  CC      drivers/usb/core/hcd.o
  CC      drivers/usb/host/xhci.o
  CC      drivers/usb/dwc3/drd.o
  CC      techpack/display/msm/dsi/dsi_phy_timing_v4_0.o
  CC      drivers/thermal/thermal_core.o
../drivers/usb/dwc3/core.c:70:17: warning: unused variable 'dev' [-Wunused-variable]
   70 |         struct device *dev = dwc->dev;
      |                        ^~~
  CC      drivers/thermal/qcom/qmi_cooling.o
../drivers/usb/dwc3/core.c:1399:17: warning: unused variable 'dev' [-Wunused-variable]
 1399 |         struct device *dev = dwc->dev;
      |                        ^~~
  CC      drivers/usb/gadget/usbstring.o
  CC      drivers/usb/gadget/config.o
  CC      net/netfilter/xt_comment.o
  CC      drivers/thermal/thermal_sysfs.o
  CC      drivers/thermal/thermal_helpers.o
  CC      drivers/thermal/qcom/msm_lmh_dcvs.o
  CC      drivers/thermal/thermal_hwmon.o
  CC      drivers/usb/misc/lvstest.o
  CC      drivers/staging/qcacld-3.0/core/hdd/src/wlan_hdd_ftm.o
../drivers/platform/msm/ipa/ipa_v3/dump/ipa_reg_dump.c:996:3: warning: unused variable 'b' [-Wunused-variable]
  996 |                 IPALOG_VnP_ADDRS(ipa_reg_save.ipa.ipa_iu_ptr);
      |                 ^~~~~~~~~~~~~~~~~~~~~~~~~~~~~~~~~~~~~~~~~~~~~
../drivers/platform/msm/ipa/ipa_v3/dump/../ipa_i.h:106:15: note: expanded from macro 'IPALOG_VnP_ADDRS'
  106 |                 phys_addr_t b = (phys_addr_t) virt_to_phys(ptr); \
      |                             ^
../drivers/platform/msm/ipa/ipa_v3/dump/ipa_reg_dump.c:997:3: warning: unused variable 'b' [-Wunused-variable]
  997 |                 IPALOG_VnP_ADDRS(ipa_reg_save.ipa.ipa_sram_ptr);
      |                 ^~~~~~~~~~~~~~~~~~~~~~~~~~~~~~~~~~~~~~~~~~~~~~~
../drivers/platform/msm/ipa/ipa_v3/dump/../ipa_i.h:106:15: note: expanded from macro 'IPALOG_VnP_ADDRS'
  106 |                 phys_addr_t b = (phys_addr_t) virt_to_phys(ptr); \
      |                             ^
../drivers/platform/msm/ipa/ipa_v3/dump/ipa_reg_dump.c:998:3: warning: unused variable 'b' [-Wunused-variable]
  998 |                 IPALOG_VnP_ADDRS(ipa_reg_save.ipa.ipa_mbox_ptr);
      |                 ^~~~~~~~~~~~~~~~~~~~~~~~~~~~~~~~~~~~~~~~~~~~~~~
../drivers/platform/msm/ipa/ipa_v3/dump/../ipa_i.h:106:15: note: expanded from macro 'IPALOG_VnP_ADDRS'
  106 |                 phys_addr_t b = (phys_addr_t) virt_to_phys(ptr); \
      |                             ^
../drivers/platform/msm/ipa/ipa_v3/dump/ipa_reg_dump.c:999:3: warning: unused variable 'b' [-Wunused-variable]
  999 |                 IPALOG_VnP_ADDRS(ipa_reg_save.ipa.ipa_hram_ptr);
      |                 ^~~~~~~~~~~~~~~~~~~~~~~~~~~~~~~~~~~~~~~~~~~~~~~
../drivers/platform/msm/ipa/ipa_v3/dump/../ipa_i.h:106:15: note: expanded from macro 'IPALOG_VnP_ADDRS'
  106 |                 phys_addr_t b = (phys_addr_t) virt_to_phys(ptr); \
      |                             ^
../drivers/platform/msm/ipa/ipa_v3/dump/ipa_reg_dump.c:1000:3: warning: unused variable 'b' [-Wunused-variable]
 1000 |                 IPALOG_VnP_ADDRS(ipa_reg_save.ipa.ipa_seq_ptr);
      |                 ^~~~~~~~~~~~~~~~~~~~~~~~~~~~~~~~~~~~~~~~~~~~~~
../drivers/platform/msm/ipa/ipa_v3/dump/../ipa_i.h:106:15: note: expanded from macro 'IPALOG_VnP_ADDRS'
  106 |                 phys_addr_t b = (phys_addr_t) virt_to_phys(ptr); \
      |                             ^
../drivers/platform/msm/ipa/ipa_v3/dump/ipa_reg_dump.c:1001:3: warning: unused variable 'b' [-Wunused-variable]
 1001 |                 IPALOG_VnP_ADDRS(ipa_reg_save.ipa.ipa_gsi_ptr);
      |                 ^~~~~~~~~~~~~~~~~~~~~~~~~~~~~~~~~~~~~~~~~~~~~~
../drivers/platform/msm/ipa/ipa_v3/dump/../ipa_i.h:106:15: note: expanded from macro 'IPALOG_VnP_ADDRS'
  106 |                 phys_addr_t b = (phys_addr_t) virt_to_phys(ptr); \
      |                             ^
  CC      drivers/usb/gadget/function/rndis.o
  CC      drivers/soc/qcom/rpmh-rsc.o
  CC      drivers/usb/gadget/function/f_ncm.o
  CC      drivers/scsi/scsi_sysctl.o
  CC      drivers/usb/isp1760/isp1760-if.o
  CC      drivers/usb/isp1760/isp1760-hcd.o
  CC      drivers/tty/tty_ldisc.o
6 warnings generated.
2 warnings generated.
  CC      net/netfilter/xt_connlimit.o
  CC      drivers/staging/android/ion/ion_chunk_heap.o
  CC      drivers/usb/gadget/epautoconf.o
  CC      techpack/display/msm/dsi/dsi_ctrl_hw_cmn.o
  CC      drivers/usb/gadget/composite.o
  CC      net/ipv4/xfrm4_policy.o
  CC      drivers/soc/qcom/rpmh.o
  CC      drivers/vservices/protocol/block/server.o
  CC      net/ipv4/xfrm4_state.o
  CC      drivers/usb/phy/phy.o
  CC      drivers/net/ethernet/qualcomm/rmnet/rmnet_map_command.o
  CC      drivers/usb/phy/of.o
  CC      drivers/staging/android/ion/ion_system_secure_heap.o
  CC      drivers/staging/android/ion/ion_cma_heap.o
  CC      drivers/usb/misc/ssusb-redriver-nb7vpq904m.o
  CC      drivers/vservices/transport/axon.o
  CC      drivers/vservices/session.o
  CC      drivers/usb/phy/phy-generic.o
  CC      drivers/vservices/devio.o
  CC      drivers/vservices/core_client.o
  CC      drivers/scsi/scsi_proc.o
  CC      drivers/staging/android/ion/ion_camera_heap.o
  CC      drivers/scsi/scsi_pm.o
  CC      drivers/thermal/of-thermal.o
  CC      drivers/usb/gadget/udc/trace.o
  CC      drivers/staging/android/ion/ion_secure_util.o
  CC      net/ipv4/xfrm4_input.o
  CC      drivers/platform/msm/ipa/ipa_v3/ipa_qmi_service.o
  CC      drivers/tty/tty_buffer.o
  CC      drivers/thermal/qcom/cpu_isolate.o
  CC      drivers/staging/qcacld-3.0/core/hdd/src/wlan_hdd_hostapd.o
  CC      drivers/vservices/protocol/core/server.o
  CC      drivers/soc/qcom/smem.o
  CC      net/ipv4/xfrm4_output.o
  CC      drivers/thermal/step_wise.o
  CC      drivers/platform/msm/ipa/ipa_v3/rmnet_ipa_fd_ioctl.o
  CC      drivers/vservices/protocol/block/client.o
  CC      net/ipv4/xfrm4_protocol.o
  CC      drivers/tty/tty_port.o
  CC      drivers/usb/dwc3/dwc3-haps.o
  CC      drivers/vservices/protocol/core/client.o
  CC      drivers/tty/tty_mutex.o
  CC      drivers/usb/core/urb.o
  CC      drivers/scsi/scsi_common.o
  CC      net/ipv4/bpf_tcp_ca.o
  CC      techpack/display/msm/dsi/dsi_ctrl_hw_1_4.o
  CC      techpack/display/msm/dsi/dsi_ctrl_hw_2_0.o
  CC      techpack/display/msm/dsi/dsi_ctrl_hw_2_2.o
  CC      drivers/net/ethernet/qualcomm/rmnet/rmnet_descriptor.o
  CC      drivers/usb/dwc3/dwc3-of-simple.o
  CC      drivers/usb/gadget/functions.o
  CC      drivers/usb/phy/phy-qcom-emu.o
  CC      drivers/usb/gadget/function/f_mass_storage.o
  CC      drivers/usb/serial/usb-serial.o
  CC      drivers/staging/android/ion/ion_cma_secure_heap.o
  CC      drivers/usb/gadget/function/storage_common.o
  CC      drivers/usb/serial/generic.o
  CC      drivers/usb/host/xhci-mem.o
  CC      drivers/usb/gadget/function/f_fs.o
  CC      drivers/tty/tty_ldsem.o
  CC      drivers/soc/qcom/smem_state.o
  CC      drivers/usb/phy/phy-msm-ssusb-qmp.o
  CC      drivers/scsi/sd.o
  CC      drivers/usb/dwc3/dwc3-qcom.o
  CC      net/netfilter/xt_conntrack.o
  CC      drivers/usb/gadget/configfs.o
  CC      drivers/tty/tty_baudrate.o
  CC      drivers/platform/msm/ipa/ipa_v3/ipa_mpm.o
  CC      drivers/usb/dwc3/dwc3-msm.o
  CC      drivers/usb/phy/phy-msm-snps-hs.o
  CC      drivers/staging/qcacld-3.0/core/hdd/src/wlan_hdd_ioctl.o
  CC      drivers/usb/core/message.o
  CC      drivers/vservices/protocol/serial/client.o
  CC      drivers/usb/host/xhci-ext-caps.o
  CC      drivers/vservices/protocol/serial/server.o
  CC      drivers/usb/gadget/u_f.o
  CC      drivers/tty/tty_jobctrl.o
  CC      drivers/tty/n_null.o
  CC      drivers/net/ethernet/smsc/smsc911x.o
  CC      drivers/thermal/qcom/msm_isense_cdsp.o
  CC      drivers/scsi/sg.o
  CC      drivers/usb/storage/scsiglue.o
  CC      drivers/usb/storage/protocol.o
  CC      drivers/soc/qcom/smp2p.o
../drivers/usb/serial/usb-serial.c:1059:17: warning: unused variable 'dev' [-Wunused-variable]
 1059 |         struct device *dev = &interface->dev;
      |                        ^~~
  CC      drivers/soc/qcom/qcom_ipcc.o
  CC      drivers/usb/typec/class.o
  CC      drivers/usb/storage/transport.o
  CC      drivers/thermal/user_space.o
  CC      drivers/usb/host/xhci-ring.o
  CC      drivers/usb/typec/mux.o
  CC      drivers/staging/qcacld-3.0/core/hdd/src/wlan_hdd_main.o
  CC      drivers/vservices/core_server.o
  CC      techpack/display/msm/dsi/dsi_ctrl.o
  CC      techpack/display/msm/dsi/dsi_catalog.o
1 warning generated.
  CC      techpack/display/msm/dsi/dsi_drm.o
  CC      drivers/usb/storage/usb.o
  CC      drivers/usb/serial/bus.o
  CC      techpack/display/msm/dsi/dsi_display.o
  CC      drivers/staging/qcacld-3.0/core/hdd/src/wlan_hdd_object_manager.o
  CC      drivers/usb/dwc3/dbm.o
  CC      drivers/usb/gadget/function/u_audio.o
  CC      drivers/usb/storage/initializers.o
  CC      drivers/usb/gadget/function/f_uac1.o
  CC      drivers/usb/serial/cp210x.o
  CC      drivers/thermal/gov_low_limits.o
  CC      drivers/usb/typec/bus.o
  CC      drivers/thermal/cpu_cooling.o
  CC      drivers/usb/serial/ftdi_sio.o
  CC      drivers/usb/gadget/function/f_uac2.o
  CC      drivers/usb/storage/sierra_ms.o
  CC      drivers/usb/gadget/function/f_uvc.o
  CC      drivers/tty/pty.o
  CC      drivers/usb/host/xhci-hub.o
  CC      drivers/usb/storage/option_ms.o
  CC      drivers/tty/tty_audit.o
  CC      drivers/usb/host/xhci-dbg.o
  CC      drivers/tty/sysrq.o
  CC      drivers/soc/qcom/llcc-slice.o
  CC      techpack/display/msm/dsi/dsi_panel.o
  CC      net/netfilter/xt_dscp.o
  CC      drivers/thermal/devfreq_cooling.o
  CC      drivers/soc/qcom/llcc-kona.o
  CC      drivers/thermal/qcom-spmi-temp-alarm.o
  CC      drivers/thermal/msm-tsens.o
  CC      drivers/usb/host/xhci-trace.o
  CC      drivers/usb/core/driver.o
  CC      drivers/usb/core/config.o
  CC      drivers/thermal/tsens2xxx.o
  CC      drivers/tty/okl4_vtty.o
  CC      net/netfilter/xt_ecn.o
  CC      net/netfilter/xt_esp.o
../drivers/usb/storage/usb.c:594:17: warning: unused variable 'pdev' [-Wunused-variable]
  594 |         struct device *pdev = &us->pusb_intf->dev;
      |                        ^~~~
../drivers/usb/gadget/function/f_uac1.c:706:17: warning: unused variable 'dev' [-Wunused-variable]
  706 |         struct device *dev = &gadget->dev;
      |                        ^~~
../drivers/usb/gadget/function/f_uac1.c:751:17: warning: unused variable 'dev' [-Wunused-variable]
  751 |         struct device *dev = &gadget->dev;
      |                        ^~~
../drivers/usb/gadget/function/f_uac1.c:1070:4: warning: variable 'value' is used uninitialized whenever 'for' loop exits because its condition is false [-Wsometimes-uninitialized]
../drivers/usb/gadget/function/u_audio.c 1070 |                         list_for_each_entry(con, &cs->control, list) {
      |                         ^~~~~~~~~~~~~~~~~~~~~~~~~~~~~~~~~~~~~~~~~~~~
../include/linux/list.h:529:7: note: expanded from macro 'list_for_each_entry'
  529 |              !list_entry_is_head(pos, head, member);                    \
      |              ^~~~~~~~~~~~~~~~~~~~~~~~~~~~~~~~~~~~~~
../drivers/usb/gadget/function/f_uac1.c:379:17: warning: unused variable 'dev' [-Wunused-variable]
:1080  379 |         struct device *dev = &gadget->dev;
      |                        ^~~
:46: note: uninitialized use occurs here
 1080 |         result = scnprintf(page, PAGE_SIZE, "%u\n", value);
      |                                                     ^~~~~
../drivers/usb/gadget/function/f_uac1.c:1070:4: note: remove the condition if it is always true
 1070 |                         list_for_each_entry(con, &cs->control, list) {
      |                         ^
../include/linux/list.h:529:7: note: expanded from macro 'list_for_each_entry'
  529 |              !list_entry_is_head(pos, head, member);                    \
      |              ^
../drivers/usb/gadget/function/f_uac1.c:1068:2: warning: variable 'value' is used uninitialized whenever 'for' loop exits because its condition is false [-Wsometimes-uninitialized]
 1068 |         list_for_each_entry(cs, &uac1->cs, list) {
      |         ^~~~~~~~~~~~~~~~~~~~~~~~~~~~~~~~~~~~~~~~
../include/linux/list.h:529:7: note: expanded from macro 'list_for_each_entry'
  529 |              !list_entry_is_head(pos, head, member);                    \
      |              ^~~~~~~~~~~~~~~~~~~~~~~~~~~~~~~~~~~~~~
../drivers/usb/gadget/function/f_uac1.c:1080:46: note: uninitialized use occurs here
 1080 |         result = scnprintf(page, PAGE_SIZE, "%u\n", value);
      |                                                     ^~~~~
../drivers/usb/gadget/function/f_uac1.c:1068:2: note: remove the condition if it is always true
 1068 |         list_for_each_entry(cs, &uac1->cs, list) {
      |         ^
../include/linux/list.h:529:7: note: expanded from macro 'list_for_each_entry'
  529 |              !list_entry_is_head(pos, head, member);                    \
      |              ^
../drivers/usb/gadget/function/u_audio.c:433:17: warning: unused variable 'dev' [-Wunused-variable]
  433 |         struct device *dev = &gadget->dev;
      |                        ^~~
../drivers/usb/gadget/function/f_uac1.c:1063:11: note: initialize the variable 'value' to silence this warning
 1063 |         int value;
      |                  ^
      |                   = 0
../drivers/usb/gadget/function/f_uac1.c:1099:4: warning: variable 'value' is used uninitialized whenever 'for' loop exits because its condition is false [-Wsometimes-uninitialized]
 1099 |                         list_for_each_entry(con, &cs->control, list) {
      |                         ^~~~~~~~~~~~~~~~~~~~~~~~~~~~~~~~~~~~~~~~~~~~
../include/linux/list.h:529:7: note: expanded from macro 'list_for_each_entry'
  529 |              !list_entry_is_head(pos, head, member);                    \
      |              ^~~~~~~~~~~~~~~~~~~~~~~~~~~~~~~~~~~~~~
../drivers/usb/gadget/function/f_uac1.c:1109:46: note: uninitialized use occurs here
 1109 |         result = scnprintf(page, PAGE_SIZE, "%u\n", value);
      |                                                     ^~~~~
../drivers/usb/gadget/function/f_uac1.c:1099:4: note: remove the condition if it is always true
 1099 |                         list_for_each_entry(con, &cs->control, list) {
      |                         ^
../include/linux/list.h:529:7: note: expanded from macro 'list_for_each_entry'
  529 |              !list_entry_is_head(pos, head, member);                    \
      |              ^
../drivers/usb/gadget/function/f_uac1.c:1097:2: warning: variable 'value' is used uninitialized whenever 'for' loop exits because its condition is false [-Wsometimes-uninitialized]
 1097 |         list_for_each_entry(cs, &uac1->cs, list) {
      |         ^~~~~~~~~~~~~~~~~~~~~~~~~~~~~~~~~~~~~~~~
../include/linux/list.h:529:7: note: expanded from macro 'list_for_each_entry'
  529 |              !list_entry_is_head(pos, head, member);                    \
      |              ^~~~~~~~~~~~~~~~~~~~~~~~~~~~~~~~~~~~~~
../drivers/usb/gadget/function/f_uac1.c:1109:46: note: uninitialized use occurs here
 1109 |         result = scnprintf(page, PAGE_SIZE, "%u\n", value);
      |                                                     ^~~~~
../drivers/usb/gadget/function/f_uac1.c:1097:2: note: remove the condition if it is always true
 1097 |         list_for_each_entry(cs, &uac1->cs, list) {
      |         ^
../include/linux/list.h:529:7: note: expanded from macro 'list_for_each_entry'
  529 |              !list_entry_is_head(pos, head, member);                    \
      |              ^
../drivers/usb/gadget/function/f_uac1.c:1092:11: note: initialize the variable 'value' to silence this warning
 1092 |         int value;
      |                  ^
      |                   = 0
../drivers/usb/gadget/function/f_uac1.c:1129:4: warning: variable 'value' is used uninitialized whenever 'for' loop exits because its condition is false [-Wsometimes-uninitialized]
 1129 |                         list_for_each_entry(con, &cs->control, list) {
      |                         ^~~~~~~~~~~~~~~~~~~~~~~~~~~~~~~~~~~~~~~~~~~~
../include/linux/list.h:529:7: note: expanded from macro 'list_for_each_entry'
  529 |              !list_entry_is_head(pos, head, member);                    \
      |              ^~~~~~~~~~~~~~~~~~~~~~~~~~~~~~~~~~~~~~
../drivers/usb/gadget/function/f_uac1.c:1139:46: note: uninitialized use occurs here
 1139 |         result = scnprintf(page, PAGE_SIZE, "%u\n", value);
      |                                                     ^~~~~
../drivers/usb/gadget/function/f_uac1.c:1129:4: note: remove the condition if it is always true
 1129 |                         list_for_each_entry(con, &cs->control, list) {
      |                         ^
../include/linux/list.h:529:7: note: expanded from macro 'list_for_each_entry'
  529 |              !list_entry_is_head(pos, head, member);                    \
      |              ^
../drivers/usb/gadget/function/f_uac1.c:1127:2: warning: variable 'value' is used uninitialized whenever 'for' loop exits because its condition is false [-Wsometimes-uninitialized]
 1127 |         list_for_each_entry(cs, &uac1->cs, list) {
      |         ^~~~~~~~~~~~~~~~~~~~~~~~~~~~~~~~~~~~~~~~
../include/linux/list.h:529:7: note: expanded from macro 'list_for_each_entry'
  529 |              !list_entry_is_head(pos, head, member);                    \
      |              ^~~~~~~~~~~~~~~~~~~~~~~~~~~~~~~~~~~~~~
../drivers/usb/gadget/function/f_uac1.c:1139:46: note: uninitialized use occurs here
 1139 |         result = scnprintf(page, PAGE_SIZE, "%u\n", value);
      |                                                     ^~~~~
../drivers/usb/gadget/function/f_uac1.c:1127:2: note: remove the condition if it is always true
 1127 |         list_for_each_entry(cs, &uac1->cs, list) {
      |         ^
../include/linux/list.h:529:7: note: expanded from macro 'list_for_each_entry'
  529 |              !list_entry_is_head(pos, head, member);                    \
      |              ^
../drivers/usb/gadget/function/f_uac1.c:1122:11: note: initialize the variable 'value' to silence this warning
 1122 |         int value;
      |                  ^
      |                   = 0
../drivers/usb/gadget/function/f_uac1.c:1158:4: warning: variable 'value' is used uninitialized whenever 'for' loop exits because its condition is false [-Wsometimes-uninitialized]
 1158 |                         list_for_each_entry(con, &cs->control, list) {
      |                         ^~~~~~~~~~~~~~~~~~~~~~~~~~~~~~~~~~~~~~~~~~~~
../include/linux/list.h:529:7: note: expanded from macro 'list_for_each_entry'
  529 |              !list_entry_is_head(pos, head, member);                    \
      |              ^~~~~~~~~~~~~~~~~~~~~~~~~~~~~~~~~~~~~~
../drivers/usb/gadget/function/f_uac1.c:1168:46: note: uninitialized use occurs here
 1168 |         result = scnprintf(page, PAGE_SIZE, "%u\n", value);
      |                                                     ^~~~~
../drivers/usb/gadget/function/f_uac1.c:1158:4: note: remove the condition if it is always true
 1158 |                         list_for_each_entry(con, &cs->control, list) {
      |                         ^
../include/linux/list.h:529:7: note: expanded from macro 'list_for_each_entry'
  529 |              !list_entry_is_head(pos, head, member);                    \
      |              ^
../drivers/usb/gadget/function/f_uac1.c:1156:2: warning: variable 'value' is used uninitialized whenever 'for' loop exits because its condition is false [-Wsometimes-uninitialized]
 1156 |         list_for_each_entry(cs, &uac1->cs, list) {
      |         ^~~~~~~~~~~~~~~~~~~~~~~~~~~~~~~~~~~~~~~~
../include/linux/list.h:529:7: note: expanded from macro 'list_for_each_entry'
  529 |              !list_entry_is_head(pos, head, member);                    \
      |              ^~~~~~~~~~~~~~~~~~~~~~~~~~~~~~~~~~~~~~
../drivers/usb/gadget/function/f_uac1.c:1168:46: note: uninitialized use occurs here
 1168 |         result = scnprintf(page, PAGE_SIZE, "%u\n", value);
      |                                                     ^~~~~
../drivers/usb/gadget/function/f_uac1.c:1156:2: note: remove the condition if it is always true
 1156 |         list_for_each_entry(cs, &uac1->cs, list) {
      |         ^
../include/linux/list.h:529:7: note: expanded from macro 'list_for_each_entry'
  529 |              !list_entry_is_head(pos, head, member);                    \
      |              ^
../drivers/usb/gadget/function/f_uac1.c:1151:11: note: initialize the variable 'value' to silence this warning
 1151 |         int value;
      |                  ^
      |                   = 0
  CC      drivers/usb/gadget/function/uvc_queue.o
  CC      techpack/display/msm/dsi/dsi_clk_manager.o
In file included from ../techpack/display/msm/dsi/dsi_drm.c:10:
../techpack/display/msm/msm_kms.h:131:15: warning: declaration of 'struct msm_iris_operate_value' will not be visible outside of this function [-Wvisibility]
  131 |                             struct msm_iris_operate_value *operate_value);
      |                                    ^
1 warning generated.
  CC      drivers/usb/host/xhci-pci.o
10 warnings generated.
  CC      techpack/display/msm/dsi/dsi_display_test.o
  CC      drivers/usb/storage/usual-tables.o
  CC      net/netfilter/xt_hashlimit.o
In file included from ../techpack/display/msm/dsi/dsi_ctrl.c:15:
../techpack/display/msm/msm_kms.h:131:15: warning: declaration of 'struct msm_iris_operate_value' will not be visible outside of this function [-Wvisibility]
  131 |                             struct msm_iris_operate_value *operate_value);
      |                                    ^
In file included from ../techpack/display/msm/dsi/dsi_display.c:12:
In file included from ../techpack/display/msm/sde/sde_connector.h:16:
In file included from ../techpack/display/msm/sde/sde_kms.h:27:
../techpack/display/msm/msm_kms.h:131:15: warning: declaration of 'struct msm_iris_operate_value' will not be visible outside of this function [-Wvisibility]
  131 |                             struct msm_iris_operate_value *operate_value);
      |                                    ^
2 warnings generated.
  CC      net/netfilter/xt_helper.o
  CC      drivers/staging/qcacld-3.0/core/hdd/src/wlan_hdd_oemdata.o
  CC      drivers/thermal/tsens-mtc.o
  CC      net/netfilter/xt_hl.o
  CC      drivers/usb/gadget/function/uvc_v4l2.o
  CC      drivers/usb/host/xhci-plat.o
  CC      techpack/display/msm/dsi/ktz8866_init.o
  CC      drivers/usb/core/file.o
  CC      drivers/usb/core/buffer.o
  CC      drivers/soc/qcom/secure_buffer.o
../drivers/usb/gadget/function/f_uac2.c:548:17: warning: unused variable 'dev' [-Wunused-variable]
  548 |         struct device *dev = &gadget->dev;
      |                        ^~~
../drivers/usb/gadget/function/f_uac2.c:703:17: warning: unused variable 'dev' [-Wunused-variable]
  703 |         struct device *dev = &gadget->dev;
      |                        ^~~
../drivers/usb/gadget/function/f_uac2.c:747:18: warning: unused variable 'agdev' [-Wunused-variable]
  747 |         struct g_audio *agdev = func_to_g_audio(fn);
      |                         ^~~~~
../drivers/usb/gadget/function/f_uac2.c:885:18: warning: unused variable 'agdev' [-Wunused-variable]
  885 |         struct g_audio *agdev = func_to_g_audio(fn);
      |                         ^~~~~
../drivers/usb/gadget/function/f_uac2.c:907:18: warning: unused variable 'agdev' [-Wunused-variable]
  907 |         struct g_audio *agdev = func_to_g_audio(fn);
      |                         ^~~~~
1 warning generated.
  CC      drivers/usb/core/sysfs.o
  CC      drivers/usb/core/endpoint.o
  CC      net/netfilter/xt_iprange.o
  CC      net/netfilter/xt_length.o
5 warnings generated.
  CC      drivers/usb/gadget/function/uvc_video.o
  CC      net/netfilter/xt_limit.o
  CC      drivers/soc/qcom/scm.o
  CC      net/netfilter/xt_mac.o
  CC      drivers/soc/qcom/early_random.o
  CC      net/netfilter/xt_multiport.o
  CC      net/netfilter/xt_owner.o
../drivers/usb/gadget/function/f_uvc.c:396:28: warning: unused variable 'cdev' [-Wunused-variable]
  396 |         struct usb_composite_dev *cdev = uvc->func.config->cdev;
      |                                   ^~~~
../drivers/usb/gadget/function/f_uvc.c:406:28: warning: unused variable 'cdev' [-Wunused-variable]
  406 |         struct usb_composite_dev *cdev = uvc->func.config->cdev;
      |                                   ^~~~
  CC      drivers/soc/qcom/spss_utils.o
../drivers/usb/core/config.c:870:17: warning: unused variable 'ddev' [-Wunused-variable]
  870 |         struct device *ddev = &dev->dev;
      |                        ^~~~
../drivers/usb/core/config.c:993:17: warning: unused variable 'ddev' [-Wunused-variable]
  993 |         struct device *ddev = &dev->dev;
      |                        ^~~~
2 warnings generated.
1 warning generated.
  CC      drivers/usb/core/devio.o
  CC      drivers/usb/core/notify.o
  CC      drivers/staging/qcacld-3.0/core/hdd/src/wlan_hdd_p2p.o
  CC      drivers/usb/core/generic.o
  CC      drivers/soc/qcom/qtee_shmbridge.o
  CC      drivers/staging/qcacld-3.0/core/hdd/src/wlan_hdd_power.o
2 warnings generated.
  CC      drivers/staging/qcacld-3.0/core/hdd/src/wlan_hdd_regulatory.o
  CC      drivers/staging/qcacld-3.0/core/hdd/src/wlan_hdd_scan.o
  CC      drivers/soc/qcom/boot_stats.o
  CC      drivers/soc/qcom/memory_dump_v2.o
  CC      drivers/thermal/tsens1xxx.o
  CC      drivers/usb/gadget/function/uvc_configfs.o
  CC      net/netfilter/xt_pkttype.o
  CC      drivers/usb/core/quirks.o
  CC      drivers/soc/qcom/dcc_v2.o
  CC      drivers/staging/qcacld-3.0/core/hdd/src/wlan_hdd_softap_tx_rx.o
  CC      net/netfilter/xt_policy.o
  CC      drivers/staging/qcacld-3.0/core/hdd/src/wlan_hdd_sta_info.o
  CC      net/netfilter/xt_quota.o
  CC      drivers/usb/gadget/function/f_midi.o
  CC      drivers/staging/qcacld-3.0/core/hdd/src/wlan_hdd_stats.o
  CC      drivers/thermal/tsens-calib.o
  CC      drivers/soc/qcom/service-notifier.o
  CC      techpack/display/msm/dsi/iris/dsi_iris5_ioctl.o
  CC      drivers/staging/qcacld-3.0/core/hdd/src/wlan_hdd_trace.o
  CC      techpack/display/msm/dsi/iris/dsi_iris5_lightup.o
  CC      net/netfilter/xt_quota2.o
  CC      drivers/usb/gadget/function/f_hid.o
  CC      drivers/staging/qcacld-3.0/core/hdd/src/wlan_hdd_tx_rx.o
  CC      drivers/soc/qcom/service-locator.o
  CC      drivers/soc/qcom/sysmon-qmi.o
  CC      techpack/display/msm/dsi/iris/dsi_iris5_lightup_ocp.o
  CC      techpack/display/msm/dsi/iris/dsi_iris5_lp.o
  CC      techpack/display/msm/dsi/iris/dsi_iris5_lut.o
  CC      drivers/staging/qcacld-3.0/core/hdd/src/wlan_hdd_wmm.o
  CC      net/netfilter/xt_socket.o
  CC      techpack/display/msm/dsi/iris/dsi_iris5_pq.o
  CC      drivers/staging/qcacld-3.0/core/hdd/src/wlan_hdd_wowl.o
  CC      drivers/soc/qcom/subsys-pil-tz.o
  CC      drivers/usb/core/devices.o
  CC      drivers/staging/qcacld-3.0/core/hdd/src/oplus_wlan_hdd_dual_sta.o
  CC      drivers/usb/gadget/function/f_diag.o
  CC      drivers/usb/core/phy.o
1 warning generated.
  CC      net/netfilter/xt_state.o
  CC      drivers/usb/core/port.o
../drivers/soc/qcom/dcc_v2.c:346:5: warning: misleading indentation; statement is not part of the previous 'if' [-Wmisleading-indentation]
  346 |                                 sram_offset += 4;
      |                                 ^
../drivers/soc/qcom/dcc_v2.c:344:4: note: previous statement is here
  344 |                         if (ret)
      |                         ^
../drivers/soc/qcom/dcc_v2.c:352:5: warning: misleading indentation; statement is not part of the previous 'if' [-Wmisleading-indentation]
  352 |                                 sram_offset += 4;
      |                                 ^
../drivers/soc/qcom/dcc_v2.c:350:4: note: previous statement is here
  350 |                         if (ret)
      |                         ^
../drivers/soc/qcom/dcc_v2.c:358:5: warning: misleading indentation; statement is not part of the previous 'if' [-Wmisleading-indentation]
  358 |                                 sram_offset += 4;
      |                                 ^
../drivers/soc/qcom/dcc_v2.c:356:4: note: previous statement is here
  356 |                         if (ret)
      |                         ^
../drivers/soc/qcom/dcc_v2.c:441:5: warning: misleading indentation; statement is not part of the previous 'if' [-Wmisleading-indentation]
  441 |                                 sram_offset += 4;
      |                                 ^
../drivers/soc/qcom/dcc_v2.c:439:4: note: previous statement is here
  439 |                         if (ret)
      |                         ^
../drivers/soc/qcom/dcc_v2.c:446:5: warning: misleading indentation; statement is not part of the previous 'if' [-Wmisleading-indentation]
  446 |                                 sram_offset += 4;
      |                                 ^
../drivers/soc/qcom/dcc_v2.c:444:4: note: previous statement is here
  444 |                         if (ret)
      |                         ^
../drivers/soc/qcom/dcc_v2.c:452:5: warning: misleading indentation; statement is not part of the previous 'if' [-Wmisleading-indentation]
  452 |                                 sram_offset += 4;
      |                                 ^
../drivers/soc/qcom/dcc_v2.c:450:4: note: previous statement is here
  450 |                         if (ret)
      |                         ^
  CC      drivers/usb/gadget/function/f_cdev.o
  CC      techpack/display/msm/dsi/iris/dsi_iris5_mode_switch.o
  CC      drivers/staging/qcacld-3.0/core/hdd/src/wlan_hdd_wext.o
  CC      drivers/staging/qcacld-3.0/core/hdd/src/wlan_hdd_hostapd_wext.o
../drivers/usb/gadget/function/f_midi.c:342:28: warning: unused variable 'cdev' [-Wunused-variable]
  342 |         struct usb_co  CC      drivers/usb/gadget/function/f_ccid.o
mposite_dev *cdev = f->config->cdev;
      |                                   ^~~~
  CC      net/netfilter/xt_statistic.o
  CC      drivers/usb/core/of.o
  CC      drivers/soc/qcom/peripheral-loader.o
  CC      drivers/staging/qcacld-3.0/core/hdd/src/wlan_hdd_spectralscan.o
  CC      drivers/soc/qcom/spcom.o
  CC      net/netfilter/xt_string.o
../drivers/usb/gadget/function/f_hid.c:664:28: warning: unused variable 'cdev' [-Wunused-variable]
  664 |         struct usb_composite_dev *cdev = hidg->func.config->cdev;
      |                                   ^~~~
  CC      drivers/usb/gadget/function/f_audio_source.o
6 warnings generated.
  CC      drivers/usb/core/hcd-pci.o
  CC      net/netfilter/xt_time.o
1 warning generated.
  CC      techpack/display/msm/dsi/iris/dsi_iris5_cmds.o
  CC      drivers/staging/qcacld-3.0/core/hdd/src/wlan_hdd_fips.o
  CC      drivers/soc/qcom/smcinvoke.o
In file included from ../techpack/display/msm/dsi/iris/dsi_iris5_lightup.c:11:
In file included from ../techpack/display/msm/sde/sde_encoder_phys.h:12:
In file included from ../techpack/display/msm/sde/sde_kms.h:27:
../techpack/display/msm/msm_kms.h:131:15: warning: declaration of 'struct msm_iris_operate_value' will not be visible outside of this function [-Wvisibility]
  131 |                             struct msm_iris_operate_value *operate_value);
      |                                    ^
1 warning generated.
  CC      techpack/display/msm/dsi/iris/dsi_iris5_i3c.o
  CC      net/netfilter/xt_u32.o
  CC      drivers/usb/gadget/function/f_accessory.o
In file included from ../techpack/display/msm/dsi/iris/dsi_iris5_pq.c:9:
In file included from ../techpack/display/msm/sde/sde_encoder_phys.h:12:
In file included from ../techpack/display/msm/sde/sde_kms.h:27:
../techpack/display/msm/msm_kms.h:131:15: warning: declaration of 'struct msm_iris_operate_value' will not be visible outside of this function [-Wvisibility]
  131 |                             struct msm_iris_operate_value *operate_value);
      |                                    ^
  CC      drivers/staging/qcacld-3.0/core/hdd/src/wlan_hdd_green_ap.o
  CC      techpack/display/msm/dsi/iris/dsi_iris5_i2c.o
  CC      drivers/soc/qcom/rq_stats.o
  CC      drivers/soc/qcom/subsystem_notif.o
  CC      drivers/staging/qcacld-3.0/core/hdd/src/wlan_hdd_apf.o
  CC      drivers/usb/gadget/function/f_qdss.o
  CC      drivers/staging/qcacld-3.0/core/hdd/src/wlan_hdd_lpass.o
  CC      drivers/soc/qcom/subsystem_restart.o
In file included from ../techpack/display/msm/dsi/iris/dsi_iris5_lp.c:11:
In file included from ../techpack/display/msm/sde/sde_encoder.h:27:
In file included from ../techpack/display/msm/sde/sde_kms.h:27:
../techpack/display/msm/msm_kms.h:131:15: warning: declaration of 'struct msm_iris_operate_value' will not be visible outside of this function [-Wvisibility]
  131 |                             struct msm_iris_operate_value *operate_value);
      |                                    ^
  CC      drivers/staging/qcacld-3.0/core/hdd/src/wlan_hdd_napi.o
  CC      techpack/display/msm/dsi/iris/dsi_iris5_loop_back.o
  CC      drivers/soc/qcom/ramdump.o
1 warning generated.
  CC      techpack/display/msm/dsi/iris/dsi_iris5_gpio.o
  CC      techpack/display/msm/dsi/iris/dsi_iris5_frc.o
  CC      drivers/soc/qcom/microdump_collector.o
  CC      techpack/display/msm/dsi/iris/dsi_iris5_timing_switch.o
  CC      drivers/staging/qcacld-3.0/core/hdd/src/wlan_hdd_nan.o
  CC      techpack/display/msm/dsi/iris/dsi_iris5_dbg.o
  CC      techpack/display/msm/dsi/iris/msm_iris5_extended.o
  CC      techpack/display/msm/dsi/iris/sde_iris5_extended.o
  CC      drivers/usb/gadget/function/u_qdss.o
1 warning generated.
1 warning generated.
  CC      drivers/soc/qcom/eud.o
  CC      drivers/usb/gadget/function/f_gsi.o
  CC      drivers/staging/qcacld-3.0/core/hdd/src/wlan_hdd_nan_datapath.o
  CC      drivers/soc/qcom/socinfo.o
  CC      drivers/staging/qcacld-3.0/core/hdd/src/wlan_hdd_tdls.o
  CC      drivers/soc/qcom/watchdog_v2.o
  CC      techpack/display/msm/dsi/iris/dsi_iris5_extended.o
  CC      drivers/soc/qcom/fsa4480-i2c.o
  CC      techpack/display/msm/dsi/dsi_parser.o
  CC      drivers/soc/qcom/glink_probe.o
  CC      techpack/display/msm/msm_atomic.o
  CC      drivers/staging/qcacld-3.0/core/hdd/src/wlan_hdd_tsf.o
  CC      drivers/soc/qcom/glink_pkt.o
  CC      drivers/staging/qcacld-3.0/core/hdd/src/wlan_hdd_disa.o
  CC      drivers/usb/gadget/function/f_mtp.o
  CC      drivers/usb/gadget/function/f_ptp.o
  CC      drivers/staging/qcacld-3.0/core/hdd/src/wlan_hdd_subnet_detect.o
  CC      drivers/soc/qcom/smp2p_sleepstate.o
  CC      drivers/staging/qcacld-3.0/core/hdd/src/wlan_hdd_he.o
  CC      drivers/staging/qcacld-3.0/core/hdd/src/wlan_hdd_twt.o
  CC      drivers/staging/qcacld-3.0/core/hdd/src/wlan_hdd_rx_monitor.o
  CC      drivers/soc/qcom/qdss_bridge.o
  CC      techpack/display/msm/msm_fb.o
  CC      drivers/staging/qcacld-3.0/core/hdd/src/wlan_hdd_nud_tracking.o
  CC      drivers/soc/qcom/qbt_handler.o
  CC      techpack/display/msm/msm_iommu.o
  CC      drivers/soc/qcom/qsee_ipc_irq.o
  CC      techpack/display/msm/msm_drv.o
In file included from ../techpack/display/msm/dsi/iris/dsi_iris5_loop_back.c:12:
In file included from ../techpack/display/msm/sde/sde_encoder_phys.h:12:
In file included from ../techpack/display/msm/sde/sde_kms.h:27:
../techpack/display/msm/msm_kms.h:131:15: warning: declaration of 'struct msm_iris_operate_value' will not be visible outside of this function [-Wvisibility]
  131 |                             struct msm_iris_operate_value *operate_value);
      |                                    ^
  CC      techpack/display/msm/msm_gem.o
  CC      techpack/display/msm/msm_gem_prime.o
  CC      drivers/soc/qcom/qsee_ipc_irq_bridge.o
  CC      techpack/display/msm/msm_gem_vma.o
  CC      drivers/soc/qcom/qpnp-pbs.o
In file included from   CC      drivers/staging/qcacld-3.0/core/hdd/src/wlan_hdd_packet_filter.o
../techpack/display/msm/dsi/iris/msm_iris5_extended.c:9:
../techpack/display/msm/msm_kms.h:131:15: warning: declaration of 'struct msm_iris_operate_value' will not be visible outside of this function [-Wvisibility]
  131 |                             struct msm_iris_operate_value *operate_value);
      |                                    ^
In file included from ../techpack/display/msm/dsi/iris/dsi_iris5_frc.c:10:
In file included from ../techpack/display/msm/sde/sde_encoder_phys.h:12:
In file included from ../techpack/display/msm/sde/sde_kms.h:27:
../techpack/display/msm/msm_kms.h:131:15: warning: declaration of 'struct msm_iris_operate_value' will not be visible outside of this function [-Wvisibility]
  131 |                             struct msm_iris_operate_value *operate_value);
      |                                    ^
In file included from ../techpack/display/msm/dsi/iris/msm_iris5_extended.c:10:
../techpack/display/msm/dsi/iris/dsi_iris5_ioctl.h:76:37: warning: declaration of 'struct dsi_display' will not be visible outside of this function [-Wvisibility]
   76 | int iris_dbgfs_adb_type_init(struct dsi_display *display);
      |                                     ^
  CC      drivers/soc/qcom/system_pm.o
2 warnings generated.
1 warning generated.
  CC      techpack/display/msm/msm_smmu.o
  CC      techpack/display/msm/msm_prop.o
1 warning generated.
  CC      drivers/soc/qcom/event_timer.o
  CC      techpack/display/msm/msm_notifier.o
  CC      techpack/display/msm/../oplus/oplus_dsi_support.o
  CC      drivers/soc/qcom/rpmh_master_stat.o
  CC      techpack/display/msm/../oplus/oplus_display_private_api.o
In file included from ../techpack/display/msm/msm_atomic.c:22:
../techpack/display/msm/msm_kms.h:131:15: warning: declaration of 'struct msm_iris_operate_value' will not be visible outside of this function [-Wvisibility]
  131 |                             struct msm_iris_operate_value *operate_value);
      |                                    ^
  CC      drivers/staging/qcacld-3.0/core/hdd/src/wlan_hdd_rssi_monitor.o
  CC      techpack/display/msm/../oplus/oplus_dc_diming.o
  CC      drivers/staging/qcacld-3.0/core/hdd/src/wlan_hdd_bss_transition.o
  CC      techpack/display/msm/../oplus/oplus_onscreenfingerprint.o
  CC      drivers/staging/qcacld-3.0/core/hdd/src/wlan_hdd_station_info.o
  CC      drivers/staging/qcacld-3.0/core/hdd/src/wlan_hdd_tx_power.o
  CC      drivers/soc/qcom/rpm_stats.o
  CC      drivers/staging/qcacld-3.0/core/hdd/src/wlan_hdd_ota_test.o
  CC      drivers/soc/qcom/ddr_stats.o
  CC      drivers/soc/qcom/msm_performance.o
1 warning generated.
  CC      techpack/display/msm/../oplus/oplus_aod.o
In file included from ../techpack/display/msm/msm_drv.c:50:
../techpack/display/msm/msm_kms.h:131:15: warning: declaration of 'struct msm_iris_operate_value' will not be visible outside of this function [-Wvisibility]
  131 |                             struct msm_iris_operate_value *operate_value);
      |                                    ^
  CC      techpack/display/msm/../oplus/oplus_ffl.o
  CC      techpack/display/msm/../oplus/oplus_display_panel.o
  CC      drivers/soc/qcom/cdsprm.o
  CC      drivers/staging/qcacld-3.0/core/hdd/src/wlan_hdd_active_tos.o
../techpack/display/msm/msm_drv.c:1186:14: warning: variable 'ret' is used uninitialized whenever 'for' loop exits because its condition is false [-Wsometimes-uninitialized]
 1186 |         for (i = 0; i < TEARDOWN_DEADLOCK_RETRY_MAX; i++) {
      |                     ^~~~~~~~~~~~~~~~~~~~~~~~~~~~~~~
../techpack/display/msm/msm_drv.c:1196:9: note: uninitialized use occurs here
 1196 |         return ret;
      |                ^~~
../techpack/display/msm/msm_drv.c:1186:14: note: remove the condition if it is always true
 1186 |         for (i = 0; i < TEARDOWN_DEADLOCK_RETRY_MAX; i++) {
      |                     ^~~~~~~~~~~~~~~~~~~~~~~~~~~~~~~
../techpack/display/msm/msm_drv.c:1178:9: note: initialize the variable 'ret' to silence this warning
 1178 |         int ret, i;
      |                ^
      |                 = 0
In file included from ../techpack/display/msm/msm_fb.c:27:
../techpack/display/msm/msm_kms.h:131:15: warning: declaration of 'struct msm_iris_operate_value' will not be visible outside of this function [-Wvisibility]
  131 |                             struct msm_iris_operate_value *operate_value);
      |                                    ^
  CC      drivers/staging/qcacld-3.0/core/hdd/src/wlan_hdd_sar_limits.o
  CC      drivers/soc/qcom/crypto-qti-common.o
  CC      drivers/soc/qcom/crypto-qti-tz.o
  CC      techpack/display/msm/../oplus/oplus_display_panel_power.o
  CC      drivers/staging/qcacld-3.0/core/hdd/src/wlan_hdd_concurrency_matrix.o
  CC      techpack/display/msm/../oplus/oplus_display_panel_seed.o
  CC      techpack/display/msm/../oplus/oplus_display_panel_common.o
  CC      techpack/display/msm/../oplus/oplus_display_panel_hbm.o
../techpack/display/msm/msm_gem.c:86:22: warning: unused variable 'dev' [-Wunused-variable]
   86 |                 struct drm_device *dev = obj->dev;
      |                                    ^~~
1 warning generated.
../techpack/display/msm/msm_gem.c:294:21: warning: unused variable 'dev' [-Wunused-variable]
  294 |         struct drm_device *dev = obj->dev;
      |                            ^~~
  CC      techpack/display/msm/../oplus/oplus_display_panel_cabc.o
In file included from ../techpack/display/msm/msm_gem_prime.c:22:
../techpack/display/msm/msm_kms.h:131:15: warning: declaration of 'struct msm_iris_operate_value' will not be visible outside of this function [-Wvisibility]
  131 |                             struct msm_iris_operate_value *operate_value);
      |                                    ^
  CC      drivers/staging/qcacld-3.0/core/hdd/src/wlan_hdd_sap_cond_chan_switch.o
1 warning generated.
  CC      drivers/staging/qcacld-3.0/core/hdd/src/wlan_hdd_p2p_listen_offload.o
  CC      drivers/staging/qcacld-3.0/core/hdd/src/wlan_hdd_sysfs.o
2 warnings generated.
  CC      drivers/staging/qcacld-3.0/os_if/sync/src/osif_sync.o
2 warnings generated.
  CC      drivers/staging/qcacld-3.0/os_if/sync/src/osif_driver_sync.o
  CC      drivers/staging/qcacld-3.0/os_if/sync/src/osif_psoc_sync.o
  CC      drivers/staging/qcacld-3.0/os_if/sync/src/osif_vdev_sync.o
  CC      drivers/staging/qcacld-3.0/components/dsc/src/__wlan_dsc.o
  CC      drivers/staging/qcacld-3.0/components/dsc/src/wlan_dsc_driver.o
  CC      drivers/staging/qcacld-3.0/components/dsc/src/wlan_dsc_psoc.o
  CC      drivers/staging/qcacld-3.0/components/dsc/src/wlan_dsc_vdev.o
  CC      drivers/staging/qcacld-3.0/core/mac/src/dph/dph_hash_table.o
In file included from ../techpack/display/msm/../oplus/oplus_display_private_api.c:13:
In file included from ../techpack/display/msm/../oplus/oplus_display_private_api.h:20:
In file included from ../techpack/display/msm/sde/sde_connector.h:16:
In file included from ../techpack/display/msm/sde/sde_kms.h:27:
../techpack/display/msm/msm_kms.h:131:15: warning: declaration of 'struct msm_iris_operate_value' will not be visible outside of this function [-Wvisibility]
  131 |                             struct msm_iris_operate_value *operate_value);
      |                                    ^
In file included from ../techpack/display/msm/../oplus/oplus_dc_diming.c:14:
In file included from ../techpack/display/msm/../oplus/oplus_display_private_api.h:20:
In file included from ../techpack/display/msm/sde/sde_connector.h:16:
In file included from ../techpack/display/msm/sde/sde_kms.h:27:
../techpack/display/msm/msm_kms.h:131:15: warning: declaration of 'struct msm_iris_operate_value' will not be visible outside of this function [-Wvisibility]
  131 |                             struct msm_iris_operate_value *operate_value);
      |                                    ^
  CC      drivers/staging/qcacld-3.0/core/mac/src/pe/lim/lim_aid_mgmt.o
In file included from ../techpack/display/msm/../oplus/oplus_onscreenfingerprint.c:14:
In file included from ../techpack/display/msm/sde/sde_crtc.h:27:
In file included from ../techpack/display/msm/sde/sde_kms.h:27:
../techpack/display/msm/msm_kms.h:131:15: warning: declaration of 'struct msm_iris_operate_value' will not be visible outside of this function [-Wvisibility]
  131 |                             struct msm_iris_operate_value *operate_value);
      |                                    ^
../techpack/display/msm/../oplus/oplus_dc_diming.c:741:14: warning: variable 'current_vblank' is uninitialized when used here [-Wuninitialized]
  741 |                                                        current_vblank,
      |                                                        ^~~~~~~~~~~~~~
../include/linux/printk.h:304:33: note: expanded from macro 'pr_err'
  304 |         printk(KERN_ERR pr_fmt(fmt), ##__VA_ARGS__)
      |                                        ^~~~~~~~~~~
../techpack/display/msm/../oplus/oplus_dc_diming.c:520:35: note: initialize the variable 'current_vblank' to silence this warning
  520 |         u32 target_vblank, current_vblank;
      |                                          ^
      |                                           = 0
  CC      drivers/staging/qcacld-3.0/core/mac/src/pe/lim/lim_admit_control.o
In file included from ../techpack/display/msm/../oplus/oplus_ffl.c:17:
In file included from ../techpack/display/msm/../oplus/oplus_onscreenfingerprint.h:20:
In file included from ../techpack/display/msm/sde/sde_encoder_phys.h:12:
In file included from ../techpack/display/msm/sde/sde_kms.h:27:
../techpack/display/msm/msm_kms.h:131:15: warning: declaration of 'struct msm_iris_operate_value' will not be visible outside of this function [-Wvisibility]
  131 |                             struct msm_iris_operate_value *operate_value);
      |                                    ^
In file included from ../techpack/display/msm/../oplus/oplus_aod.c:15:
In file included from ../techpack/display/msm/sde/sde_crtc.h:27:
In file included from ../techpack/display/msm/sde/sde_kms.h:27:
../techpack/display/msm/msm_kms.h:131:15: warning: declaration of 'struct msm_iris_operate_value' will not be visible outside of this function [-Wvisibility]
  131 |                             struct msm_iris_operate_value *operate_value);
      |                                    ^
  CC      drivers/staging/qcacld-3.0/core/mac/src/pe/lim/lim_api.o
1 warning generated.
  CC      drivers/staging/qcacld-3.0/core/mac/src/pe/lim/lim_assoc_utils.o
1 warning generated.
  CC      drivers/staging/qcacld-3.0/core/mac/src/pe/lim/lim_ft.o
  CC      drivers/staging/qcacld-3.0/core/mac/src/pe/lim/lim_link_monitoring_algo.o
  CC      drivers/staging/qcacld-3.0/core/mac/src/pe/lim/lim_process_action_frame.o
1 warning generated.
  CC      drivers/staging/qcacld-3.0/core/mac/src/pe/lim/lim_process_assoc_req_frame.o
2 warnings generated.
  CC      drivers/staging/qcacld-3.0/core/mac/src/pe/lim/lim_process_assoc_rsp_frame.o
  CC      drivers/staging/qcacld-3.0/core/mac/src/pe/lim/lim_process_auth_frame.o
  CC      drivers/staging/qcacld-3.0/core/mac/src/pe/lim/lim_process_beacon_frame.o
1 warning generated.
  CC      kernel/kheaders.o
  CC      drivers/staging/qcacld-3.0/core/mac/src/pe/lim/lim_process_cfg_updates.o
In file included from ../techpack/display/msm/../oplus/oplus_display_panel_seed.c:15:
In file included from ../techpack/display/msm/../oplus/oplus_display_private_api.h:20:
In file included from ../techpack/display/msm/sde/sde_connector.h:16:
In file included from ../techpack/display/msm/sde/sde_kms.h:27:
../techpack/display/msm/msm_kms.h:131:15: warning: declaration of 'struct msm_iris_operate_value' will not be visible outside of this function [-Wvisibility]
  131 |                             struct msm_iris_operate_value *operate_value);
      |                                    ^
In file included from ../techpack/display/msm/../oplus/oplus_display_panel.c:18:
In file included from ../techpack/display/msm/../oplus/oplus_onscreenfingerprint.h:20:
In file included from ../techpack/display/msm/sde/sde_encoder_phys.h:12:
In file included from ../techpack/display/msm/sde/sde_kms.h:27:
../techpack/display/msm/msm_kms.h:131:15: warning: declaration of 'struct msm_iris_operate_value' will not be visible outside of this function [-Wvisibility]
  131 |                             struct msm_iris_operate_value *operate_value);
      |                                    ^
  CC      drivers/staging/qcacld-3.0/core/mac/src/pe/lim/lim_process_deauth_frame.o
  CC      drivers/staging/qcacld-3.0/core/mac/src/pe/lim/lim_process_disassoc_frame.o
  CC      drivers/staging/qcacld-3.0/core/mac/src/pe/lim/lim_process_message_queue.o
  CC      drivers/staging/qcacld-3.0/core/mac/src/pe/lim/lim_process_mlm_req_messages.o
1 warning generated.
  CC      drivers/staging/qcacld-3.0/core/mac/src/pe/lim/lim_process_mlm_rsp_messages.o
  CC      drivers/staging/qcacld-3.0/core/mac/src/pe/lim/lim_process_probe_req_frame.o
  CC      drivers/staging/qcacld-3.0/core/mac/src/pe/lim/lim_process_probe_rsp_frame.o
1 warning generated.
  CC      drivers/staging/qcacld-3.0/core/mac/src/pe/lim/lim_process_sme_req_messages.o
  CC      drivers/staging/qcacld-3.0/core/mac/src/pe/lim/lim_prop_exts_utils.o
  CC      drivers/staging/qcacld-3.0/core/mac/src/pe/lim/lim_scan_result_utils.o
  CC      drivers/staging/qcacld-3.0/core/mac/src/pe/lim/lim_security_utils.o
  CC      drivers/staging/qcacld-3.0/core/mac/src/pe/lim/lim_send_management_frames.o
  CC      drivers/staging/qcacld-3.0/core/mac/src/pe/lim/lim_send_messages.o
  CC      drivers/staging/qcacld-3.0/core/mac/src/pe/lim/lim_send_sme_rsp_messages.o
  CC      drivers/staging/qcacld-3.0/core/mac/src/pe/lim/lim_session.o
  CC      drivers/staging/qcacld-3.0/core/mac/src/pe/lim/lim_session_utils.o
  CC      drivers/staging/qcacld-3.0/core/mac/src/pe/lim/lim_sme_req_utils.o
  CC      drivers/staging/qcacld-3.0/core/mac/src/pe/lim/lim_timer_utils.o
  CC      drivers/staging/qcacld-3.0/core/mac/src/pe/lim/lim_trace.o
  CC      drivers/staging/qcacld-3.0/core/mac/src/pe/lim/lim_utils.o
  CC      drivers/staging/qcacld-3.0/core/mac/src/pe/lim/lim_ibss_peer_mgmt.o
  CC      drivers/staging/qcacld-3.0/core/mac/src/pe/lim/lim_process_tdls.o
  CC      drivers/staging/qcacld-3.0/core/mac/src/pe/lim/lim_process_fils.o
  CC      drivers/staging/qcacld-3.0/core/mac/src/pe/sch/sch_api.o
  CC      drivers/staging/qcacld-3.0/core/mac/src/pe/sch/sch_beacon_gen.o
  CC      drivers/staging/qcacld-3.0/core/mac/src/pe/sch/sch_beacon_process.o
  CC      drivers/staging/qcacld-3.0/core/mac/src/pe/sch/sch_message.o
  CC      drivers/staging/qcacld-3.0/core/mac/src/pe/rrm/rrm_api.o
  CC      drivers/staging/qcacld-3.0/core/mac/src/pe/nan/nan_datapath.o
  CC      drivers/staging/qcacld-3.0/core/sap/src/sap_api_link_cntl.o
  CC      drivers/staging/qcacld-3.0/core/sap/src/sap_ch_select.o
  CC      drivers/staging/qcacld-3.0/core/sap/src/sap_fsm.o
  CC      drivers/staging/qcacld-3.0/core/sap/src/sap_module.o
  CC      drivers/staging/qcacld-3.0/core/sme/src/common/sme_api.o
  CC      drivers/staging/qcacld-3.0/core/sme/src/common/sme_ft_api.o
  CC      drivers/staging/qcacld-3.0/core/sme/src/common/sme_power_save.o
  CC      drivers/staging/qcacld-3.0/core/sme/src/common/sme_trace.o
  CC      drivers/staging/qcacld-3.0/core/sme/src/csr/csr_api_roam.o
  CC      drivers/staging/qcacld-3.0/core/sme/src/csr/csr_api_scan.o
  CC      drivers/staging/qcacld-3.0/core/sme/src/csr/csr_cmd_process.o
  CC      drivers/staging/qcacld-3.0/core/sme/src/csr/csr_link_list.o
  CC      drivers/staging/qcacld-3.0/core/sme/src/csr/csr_neighbor_roam.o
  CC      drivers/staging/qcacld-3.0/core/sme/src/csr/csr_util.o
  CC      drivers/staging/qcacld-3.0/core/sme/src/qos/sme_qos.o
  CC      drivers/staging/qcacld-3.0/core/sme/src/rrm/sme_rrm.o
  CC      drivers/staging/qcacld-3.0/core/sme/src/nan/nan_datapath_api.o
  CC      drivers/staging/qcacld-3.0/core/mac/src/sys/common/src/wlan_qct_sys.o
  CC      drivers/staging/qcacld-3.0/core/mac/src/sys/legacy/src/platform/src/sys_wrapper.o
  CC      drivers/staging/qcacld-3.0/core/mac/src/sys/legacy/src/system/src/mac_init_api.o
  CC      drivers/staging/qcacld-3.0/core/mac/src/sys/legacy/src/system/src/sys_entry_func.o
  CC      drivers/staging/qcacld-3.0/core/mac/src/sys/legacy/src/utils/src/dot11f.o
  CC      drivers/staging/qcacld-3.0/core/mac/src/sys/legacy/src/utils/src/mac_trace.o
  CC      drivers/staging/qcacld-3.0/core/mac/src/sys/legacy/src/utils/src/parser_api.o
  CC      drivers/staging/qcacld-3.0/core/mac/src/sys/legacy/src/utils/src/utils_parser.o
  CC      drivers/staging/qcacld-3.0/../qca-wifi-host-cmn/qdf/linux/src/qdf_crypto.o
  CC      drivers/staging/qcacld-3.0/../qca-wifi-host-cmn/qdf/linux/src/qdf_defer.o
  CC      drivers/staging/qcacld-3.0/../qca-wifi-host-cmn/qdf/linux/src/qdf_delayed_work.o
  CC      drivers/staging/qcacld-3.0/../qca-wifi-host-cmn/qdf/linux/src/qdf_event.o
  CC      drivers/staging/qcacld-3.0/../qca-wifi-host-cmn/qdf/linux/src/qdf_file.o
  CC      drivers/staging/qcacld-3.0/../qca-wifi-host-cmn/qdf/linux/src/qdf_func_tracker.o
  CC      drivers/staging/qcacld-3.0/../qca-wifi-host-cmn/qdf/linux/src/qdf_idr.o
  CC      drivers/staging/qcacld-3.0/../qca-wifi-host-cmn/qdf/linux/src/qdf_list.o
  CC      drivers/staging/qcacld-3.0/../qca-wifi-host-cmn/qdf/linux/src/qdf_lock.o
  CC      drivers/staging/qcacld-3.0/../qca-wifi-host-cmn/qdf/linux/src/qdf_mc_timer.o
  CC      drivers/staging/qcacld-3.0/../qca-wifi-host-cmn/qdf/linux/src/qdf_mem.o
  CC      drivers/staging/qcacld-3.0/../qca-wifi-host-cmn/qdf/linux/src/qdf_nbuf.o
  CC      drivers/staging/qcacld-3.0/../qca-wifi-host-cmn/qdf/linux/src/qdf_periodic_work.o
  CC      drivers/staging/qcacld-3.0/../qca-wifi-host-cmn/qdf/linux/src/qdf_status.o
  CC      drivers/staging/qcacld-3.0/../qca-wifi-host-cmn/qdf/linux/src/qdf_threads.o
  CC      drivers/staging/qcacld-3.0/../qca-wifi-host-cmn/qdf/linux/src/qdf_trace.o
  CC      drivers/staging/qcacld-3.0/../qca-wifi-host-cmn/qdf/src/qdf_flex_mem.o
  CC      drivers/staging/qcacld-3.0/../qca-wifi-host-cmn/qdf/src/qdf_parse.o
  CC      drivers/staging/qcacld-3.0/../qca-wifi-host-cmn/qdf/src/qdf_platform.o
  CC      drivers/staging/qcacld-3.0/../qca-wifi-host-cmn/qdf/src/qdf_str.o
  CC      drivers/staging/qcacld-3.0/../qca-wifi-host-cmn/qdf/src/qdf_talloc.o
  CC      drivers/staging/qcacld-3.0/../qca-wifi-host-cmn/qdf/src/qdf_types.o
  CC      drivers/staging/qcacld-3.0/../qca-wifi-host-cmn/qdf/src/qdf_cpuhp.o
  CC      drivers/staging/qcacld-3.0/../qca-wifi-host-cmn/qdf/linux/src/qdf_cpuhp.o
  CC      drivers/staging/qcacld-3.0/../qca-wifi-host-cmn/wbuff/src/wbuff.o
  CC      drivers/staging/qcacld-3.0/core/cds/src/cds_api.o
  CC      drivers/staging/qcacld-3.0/core/cds/src/cds_reg_service.o
  CC      drivers/staging/qcacld-3.0/core/cds/src/cds_packet.o
  CC      drivers/staging/qcacld-3.0/core/cds/src/cds_regdomain.o
  CC      drivers/staging/qcacld-3.0/core/cds/src/cds_sched.o
  CC      drivers/staging/qcacld-3.0/core/cds/src/cds_utils.o
  CC      drivers/staging/qcacld-3.0/../qca-wifi-host-cmn/cfg/src/cfg.o
  CC      drivers/staging/qcacld-3.0/../qca-wifi-host-cmn/ftm/dispatcher/src/wlan_ftm_init_deinit.o
  CC      drivers/staging/qcacld-3.0/../qca-wifi-host-cmn/ftm/dispatcher/src/wlan_ftm_ucfg_api.o
  CC      drivers/staging/qcacld-3.0/../qca-wifi-host-cmn/ftm/core/src/wlan_ftm_svc.o
  CC      drivers/staging/qcacld-3.0/../qca-wifi-host-cmn/target_if/ftm/src/target_if_ftm.o
  CC      drivers/staging/qcacld-3.0/../qca-wifi-host-cmn/os_if/linux/ftm/src/wlan_ioctl_ftm.o
  CC      drivers/staging/qcacld-3.0/core/wma/src/wma_main.o
  CC      drivers/staging/qcacld-3.0/core/wma/src/wma_scan_roam.o
  CC      drivers/staging/qcacld-3.0/core/wma/src/wma_dev_if.o
  CC      drivers/staging/qcacld-3.0/core/wma/src/wma_mgmt.o
  CC      drivers/staging/qcacld-3.0/core/wma/src/wma_power.o
  CC      drivers/staging/qcacld-3.0/core/wma/src/wma_data.o
  CC      drivers/staging/qcacld-3.0/core/wma/src/wma_utils.o
  CC      drivers/staging/qcacld-3.0/core/wma/src/wma_features.o
  CC      drivers/staging/qcacld-3.0/core/wma/src/wlan_qct_wma_legacy.o
  CC      drivers/staging/qcacld-3.0/core/wma/src/wma_nan_datapath.o
  CC      drivers/staging/qcacld-3.0/core/wma/src/wma_fips_api.o
  CC      drivers/staging/qcacld-3.0/core/wma/src/wma_he.o
  CC      drivers/staging/qcacld-3.0/core/wma/src/wma_twt.o
  CC      drivers/staging/qcacld-3.0/../qca-wifi-host-cmn/wmi/src/wmi_unified.o
  CC      drivers/staging/qcacld-3.0/../qca-wifi-host-cmn/wmi/src/wmi_tlv_helper.o
  CC      drivers/staging/qcacld-3.0/../qca-wifi-host-cmn/wmi/src/wmi_unified_tlv.o
  CC      drivers/staging/qcacld-3.0/../qca-wifi-host-cmn/wmi/src/wmi_unified_api.o
  CC      drivers/staging/qcacld-3.0/../qca-wifi-host-cmn/wmi/src/wmi_unified_reg_api.o
  CC      drivers/staging/qcacld-3.0/../qca-wifi-host-cmn/wmi/src/wmi_unified_vdev_api.o
  CC      drivers/staging/qcacld-3.0/../qca-wifi-host-cmn/wmi/src/wmi_unified_vdev_tlv.o
  CC      drivers/staging/qcacld-3.0/../qca-wifi-host-cmn/wmi/src/wmi_unified_crypto_api.o
  CC      drivers/staging/qcacld-3.0/../qca-wifi-host-cmn/wmi/src/wmi_unified_pmo_api.o
  CC      drivers/staging/qcacld-3.0/../qca-wifi-host-cmn/wmi/src/wmi_unified_pmo_tlv.o
  CC      drivers/staging/qcacld-3.0/../qca-wifi-host-cmn/wmi/src/wmi_unified_apf_tlv.o
  CC      drivers/staging/qcacld-3.0/../qca-wifi-host-cmn/wmi/src/wmi_unified_action_oui_tlv.o
  CC      drivers/staging/qcacld-3.0/../qca-wifi-host-cmn/wmi/src/wmi_unified_dfs_api.o
  CC      drivers/staging/qcacld-3.0/../qca-wifi-host-cmn/wmi/src/wmi_unified_twt_api.o
  CC      drivers/staging/qcacld-3.0/../qca-wifi-host-cmn/wmi/src/wmi_unified_twt_tlv.o
  CC      drivers/staging/qcacld-3.0/../qca-wifi-host-cmn/wmi/src/wmi_unified_nan_api.o
  CC      drivers/staging/qcacld-3.0/../qca-wifi-host-cmn/wmi/src/wmi_unified_nan_tlv.o
  CC      drivers/staging/qcacld-3.0/../qca-wifi-host-cmn/wmi/src/wmi_unified_p2p_api.o
  CC      drivers/staging/qcacld-3.0/../qca-wifi-host-cmn/wmi/src/wmi_unified_p2p_tlv.o
  CC      drivers/staging/qcacld-3.0/../qca-wifi-host-cmn/wmi/src/wmi_unified_roam_api.o
  CC      drivers/staging/qcacld-3.0/../qca-wifi-host-cmn/wmi/src/wmi_unified_roam_tlv.o
  CC      drivers/staging/qcacld-3.0/../qca-wifi-host-cmn/wmi/src/wmi_unified_concurrency_api.o
  CC      drivers/staging/qcacld-3.0/../qca-wifi-host-cmn/wmi/src/wmi_unified_concurrency_tlv.o
  CC      drivers/staging/qcacld-3.0/../qca-wifi-host-cmn/wmi/src/wmi_unified_sta_api.o
  CC      drivers/staging/qcacld-3.0/../qca-wifi-host-cmn/wmi/src/wmi_unified_sta_tlv.o
  CC      drivers/staging/qcacld-3.0/../qca-wifi-host-cmn/wmi/src/wmi_unified_bcn_api.o
  CC      drivers/staging/qcacld-3.0/../qca-wifi-host-cmn/wmi/src/wmi_unified_bcn_tlv.o
  CC      drivers/staging/qcacld-3.0/../qca-wifi-host-cmn/wmi/src/wmi_unified_fwol_api.o
  CC      drivers/staging/qcacld-3.0/../qca-wifi-host-cmn/wmi/src/wmi_unified_fwol_tlv.o
  CC      drivers/staging/qcacld-3.0/../qca-wifi-host-cmn/htc/htc.o
  CC      drivers/staging/qcacld-3.0/../qca-wifi-host-cmn/htc/htc_send.o
  CC      drivers/staging/qcacld-3.0/../qca-wifi-host-cmn/htc/htc_recv.o
  CC      drivers/staging/qcacld-3.0/../qca-wifi-host-cmn/htc/htc_services.o
  CC      drivers/staging/qcacld-3.0/../qca-wifi-host-cmn/htc/htc_credit_history.o
  CC      drivers/staging/qcacld-3.0/../qca-wifi-host-cmn/init_deinit/dispatcher/src/dispatcher_init_deinit.o
  CC      drivers/staging/qcacld-3.0/../qca-wifi-host-cmn/scheduler/src/scheduler_api.o
  CC      drivers/staging/qcacld-3.0/../qca-wifi-host-cmn/scheduler/src/scheduler_core.o
  CC      drivers/staging/qcacld-3.0/../qca-wifi-host-cmn/umac/regulatory/core/src/reg_build_chan_list.o
  CC      drivers/staging/qcacld-3.0/../qca-wifi-host-cmn/umac/regulatory/core/src/reg_callbacks.o
  CC      drivers/staging/qcacld-3.0/../qca-wifi-host-cmn/umac/regulatory/core/src/reg_db.o
  CC      drivers/staging/qcacld-3.0/../qca-wifi-host-cmn/umac/regulatory/core/src/reg_db_parser.o
  CC      drivers/staging/qcacld-3.0/../qca-wifi-host-cmn/umac/regulatory/core/src/reg_utils.o
  CC      drivers/staging/qcacld-3.0/../qca-wifi-host-cmn/umac/regulatory/core/src/reg_lte.o
  CC      drivers/staging/qcacld-3.0/../qca-wifi-host-cmn/umac/regulatory/core/src/reg_offload_11d_scan.o
  CC      drivers/staging/qcacld-3.0/../qca-wifi-host-cmn/umac/regulatory/core/src/reg_opclass.o
  CC      drivers/staging/qcacld-3.0/../qca-wifi-host-cmn/umac/regulatory/core/src/reg_priv_objs.o
  CC      drivers/staging/qcacld-3.0/../qca-wifi-host-cmn/umac/regulatory/dispatcher/src/wlan_reg_services_api.o
  CC      drivers/staging/qcacld-3.0/../qca-wifi-host-cmn/umac/regulatory/core/src/reg_services_common.o
  CC      drivers/staging/qcacld-3.0/../qca-wifi-host-cmn/umac/regulatory/dispatcher/src/wlan_reg_tgt_api.o
  CC      drivers/staging/qcacld-3.0/../qca-wifi-host-cmn/umac/regulatory/dispatcher/src/wlan_reg_ucfg_api.o
  CC      drivers/staging/qcacld-3.0/../qca-wifi-host-cmn/hif/src/hif_napi.o
  CC      drivers/staging/qcacld-3.0/../qca-wifi-host-cmn/hif/src/hif_unit_test_suspend.o
  CC      drivers/staging/qcacld-3.0/../qca-wifi-host-cmn/hif/src/dispatcher/multibus.o
  CC      drivers/staging/qcacld-3.0/../qca-wifi-host-cmn/hif/src/dispatcher/dummy.o
  CC      drivers/staging/qcacld-3.0/../qca-wifi-host-cmn/hif/src/ath_procfs.o
  CC      drivers/staging/qcacld-3.0/../qca-wifi-host-cmn/hif/src/hif_main.o
  CC      drivers/staging/qcacld-3.0/../qca-wifi-host-cmn/hif/src/hif_exec.o
  CC      drivers/staging/qcacld-3.0/../qca-wifi-host-cmn/hif/src/hif_irq_affinity.o
  CC      drivers/staging/qcacld-3.0/../qca-wifi-host-cmn/hif/src/pcie/if_pci.o
  CC      drivers/staging/qcacld-3.0/../qca-wifi-host-cmn/hif/src/ce/ce_diag.o
  CC      drivers/staging/qcacld-3.0/../qca-wifi-host-cmn/hif/src/ce/ce_main.o
  CC      drivers/staging/qcacld-3.0/../qca-wifi-host-cmn/hif/src/ce/ce_service.o
  CC      drivers/staging/qcacld-3.0/../qca-wifi-host-cmn/hif/src/ce/ce_tasklet.o
  CC      drivers/staging/qcacld-3.0/../qca-wifi-host-cmn/hif/src/mp_dev.o
  CC      drivers/staging/qcacld-3.0/../qca-wifi-host-cmn/hif/src/regtable.o
  CC      drivers/staging/qcacld-3.0/../qca-wifi-host-cmn/hif/src/qca6390def.o
  CC      drivers/staging/qcacld-3.0/../qca-wifi-host-cmn/hif/src/ce/ce_service_srng.o
  CC      drivers/staging/qcacld-3.0/../qca-wifi-host-cmn/hif/src/dispatcher/multibus_pci.o
  CC      drivers/staging/qcacld-3.0/../qca-wifi-host-cmn/os_if/linux/wlan_osif_request_manager.o
  CC      drivers/staging/qcacld-3.0/../qca-wifi-host-cmn/os_if/linux/crypto/src/wlan_nl_to_crypto_params.o
  CC      drivers/staging/qcacld-3.0/../qca-wifi-host-cmn/os_if/linux/crypto/src/wlan_cfg80211_crypto.o
  CC      drivers/staging/qcacld-3.0/../qca-wifi-host-cmn/target_if/core/src/target_if_main.o
  CC      drivers/staging/qcacld-3.0/../qca-wifi-host-cmn/target_if/regulatory/src/target_if_reg.o
  CC      drivers/staging/qcacld-3.0/../qca-wifi-host-cmn/target_if/regulatory/src/target_if_reg_lte.o
  CC      drivers/staging/qcacld-3.0/../qca-wifi-host-cmn/target_if/regulatory/src/target_if_reg_11d.o
  CC      drivers/staging/qcacld-3.0/../qca-wifi-host-cmn/target_if/init_deinit/src/init_cmd_api.o
  CC      drivers/staging/qcacld-3.0/../qca-wifi-host-cmn/target_if/init_deinit/src/init_deinit_lmac.o
  CC      drivers/staging/qcacld-3.0/../qca-wifi-host-cmn/target_if/init_deinit/src/init_event_handler.o
  CC      drivers/staging/qcacld-3.0/../qca-wifi-host-cmn/target_if/init_deinit/src/service_ready_util.o
  CC      drivers/staging/qcacld-3.0/../qca-wifi-host-cmn/target_if/mlme/vdev_mgr/src/target_if_vdev_mgr_tx_ops.o
  CC      drivers/staging/qcacld-3.0/../qca-wifi-host-cmn/target_if/mlme/vdev_mgr/src/target_if_vdev_mgr_rx_ops.o
  CC      drivers/staging/qcacld-3.0/../qca-wifi-host-cmn/target_if/mlme/psoc/src/target_if_psoc_timer_tx_ops.o
  CC      drivers/staging/qcacld-3.0/../qca-wifi-host-cmn/target_if/crypto/src/target_if_crypto.o
  CC      drivers/staging/qcacld-3.0/components/target_if/pmo/src/target_if_pmo_arp.o
  CC      drivers/staging/qcacld-3.0/components/target_if/pmo/src/target_if_pmo_gtk.o
  CC      drivers/staging/qcacld-3.0/components/target_if/pmo/src/target_if_pmo_hw_filter.o
  CC      drivers/staging/qcacld-3.0/components/target_if/pmo/src/target_if_pmo_lphb.o
  CC      drivers/staging/qcacld-3.0/components/target_if/pmo/src/target_if_pmo_main.o
  CC      drivers/staging/qcacld-3.0/components/target_if/pmo/src/target_if_pmo_mc_addr_filtering.o
  CC      drivers/staging/qcacld-3.0/components/target_if/pmo/src/target_if_pmo_static_config.o
  CC      drivers/staging/qcacld-3.0/components/target_if/pmo/src/target_if_pmo_suspend_resume.o
  CC      drivers/staging/qcacld-3.0/components/target_if/pmo/src/target_if_pmo_wow.o
  CC      drivers/staging/qcacld-3.0/components/target_if/pmo/src/target_if_pmo_ns.o
  CC      drivers/staging/qcacld-3.0/components/target_if/pmo/src/target_if_pmo_pkt_filter.o
  CC      drivers/staging/qcacld-3.0/components/target_if/disa/src/target_if_disa.o
  CC      drivers/staging/qcacld-3.0/components/target_if/blacklist_mgr/src/target_if_blm.o
  CC      drivers/staging/qcacld-3.0/components/target_if/action_oui/src/target_if_action_oui.o
  CC      drivers/staging/qcacld-3.0/../qca-wifi-host-cmn/global_lmac_if/src/wlan_global_lmac_if.o
  CC      drivers/staging/qcacld-3.0/../qca-wifi-host-cmn/hal/wifi3.0/hal_srng.o
  CC      drivers/staging/qcacld-3.0/../qca-wifi-host-cmn/hal/wifi3.0/hal_reo.o
  CC      drivers/staging/qcacld-3.0/../qca-wifi-host-cmn/hal/wifi3.0/qca6390/hal_6390.o
  CC      drivers/staging/qcacld-3.0/core/dp/txrx/ol_txrx_event.o
  CC      drivers/staging/qcacld-3.0/../qca-wifi-host-cmn/utils/epping/src/epping_main.o
  CC      drivers/staging/qcacld-3.0/../qca-wifi-host-cmn/utils/epping/src/epping_txrx.o
  CC      drivers/staging/qcacld-3.0/../qca-wifi-host-cmn/utils/epping/src/epping_tx.o
  CC      drivers/staging/qcacld-3.0/../qca-wifi-host-cmn/utils/epping/src/epping_rx.o
  CC      drivers/staging/qcacld-3.0/../qca-wifi-host-cmn/utils/epping/src/epping_helper.o
  CC      drivers/staging/qcacld-3.0/../qca-wifi-host-cmn/umac/dfs/core/src/misc/dfs.o
  CC      drivers/staging/qcacld-3.0/../qca-wifi-host-cmn/umac/dfs/core/src/misc/dfs_cac.o
  CC      drivers/staging/qcacld-3.0/../qca-wifi-host-cmn/umac/dfs/core/src/misc/dfs_nol.o
  CC      drivers/staging/qcacld-3.0/../qca-wifi-host-cmn/umac/dfs/core/src/misc/dfs_random_chan_sel.o
  CC      drivers/staging/qcacld-3.0/../qca-wifi-host-cmn/umac/dfs/core/src/misc/dfs_process_radar_found_ind.o
  CC      drivers/staging/qcacld-3.0/../qca-wifi-host-cmn/umac/dfs/dispatcher/src/wlan_dfs_init_deinit_api.o
  CC      drivers/staging/qcacld-3.0/../qca-wifi-host-cmn/umac/dfs/dispatcher/src/wlan_dfs_lmac_api.o
  CC      drivers/staging/qcacld-3.0/../qca-wifi-host-cmn/umac/dfs/dispatcher/src/wlan_dfs_mlme_api.o
  CC      drivers/staging/qcacld-3.0/../qca-wifi-host-cmn/umac/dfs/dispatcher/src/wlan_dfs_tgt_api.o
  CC      drivers/staging/qcacld-3.0/../qca-wifi-host-cmn/umac/dfs/dispatcher/src/wlan_dfs_ucfg_api.o
  CC      drivers/staging/qcacld-3.0/../qca-wifi-host-cmn/umac/dfs/dispatcher/src/wlan_dfs_utils_api.o
  CC      drivers/staging/qcacld-3.0/../qca-wifi-host-cmn/target_if/dfs/src/target_if_dfs.o
  CC      drivers/staging/qcacld-3.0/../qca-wifi-host-cmn/target_if/dfs/src/target_if_dfs_full_offload.o
  CC      drivers/staging/qcacld-3.0/../qca-wifi-host-cmn/umac/dfs/core/src/misc/dfs_full_offload.o
  CC      drivers/staging/qcacld-3.0/../qca-wifi-host-cmn/umac/cmn_services/obj_mgr/src/wlan_objmgr_global_obj.o
  CC      drivers/staging/qcacld-3.0/../qca-wifi-host-cmn/umac/cmn_services/obj_mgr/src/wlan_objmgr_pdev_obj.o
  CC      drivers/staging/qcacld-3.0/../qca-wifi-host-cmn/umac/cmn_services/obj_mgr/src/wlan_objmgr_peer_obj.o
  CC      drivers/staging/qcacld-3.0/../qca-wifi-host-cmn/umac/cmn_services/obj_mgr/src/wlan_objmgr_psoc_obj.o
  CC      drivers/staging/qcacld-3.0/../qca-wifi-host-cmn/umac/cmn_services/obj_mgr/src/wlan_objmgr_vdev_obj.o
  CC      drivers/staging/qcacld-3.0/../qca-wifi-host-cmn/umac/wifi_pos/src/wifi_pos_api.o
  CC      drivers/staging/qcacld-3.0/../qca-wifi-host-cmn/umac/wifi_pos/src/wifi_pos_main.o
  CC      drivers/staging/qcacld-3.0/../qca-wifi-host-cmn/umac/wifi_pos/src/wifi_pos_ucfg.o
  CC      drivers/staging/qcacld-3.0/../qca-wifi-host-cmn/umac/wifi_pos/src/wifi_pos_utils.o
  CC      drivers/staging/qcacld-3.0/../qca-wifi-host-cmn/os_if/linux/wifi_pos/src/os_if_wifi_pos.o
  CC      drivers/staging/qcacld-3.0/../qca-wifi-host-cmn/target_if/wifi_pos/src/target_if_wifi_pos.o
  CC      drivers/staging/qcacld-3.0/../qca-wifi-host-cmn/target_if/cp_stats/src/target_if_mc_cp_stats.o
  CC      drivers/staging/qcacld-3.0/../qca-wifi-host-cmn/umac/cp_stats/core/src/wlan_cp_stats_comp_handler.o
  CC      drivers/staging/qcacld-3.0/../qca-wifi-host-cmn/umac/cp_stats/core/src/wlan_cp_stats_obj_mgr_handler.o
  CC      drivers/staging/qcacld-3.0/../qca-wifi-host-cmn/umac/cp_stats/core/src/wlan_cp_stats_ol_api.o
  CC      drivers/staging/qcacld-3.0/../qca-wifi-host-cmn/os_if/linux/cp_stats/src/wlan_cfg80211_mc_cp_stats.o
  CC      drivers/staging/qcacld-3.0/../qca-wifi-host-cmn/umac/cp_stats/dispatcher/src/wlan_cp_stats_utils_api.o
  CC      drivers/staging/qcacld-3.0/../qca-wifi-host-cmn/umac/cp_stats/dispatcher/src/wlan_cp_stats_mc_tgt_api.o
  CC      drivers/staging/qcacld-3.0/../qca-wifi-host-cmn/umac/cp_stats/dispatcher/src/wlan_cp_stats_mc_ucfg_api.o
  CC      drivers/staging/qcacld-3.0/components/nan/core/src/nan_main.o
  CC      drivers/staging/qcacld-3.0/components/nan/core/src/nan_api.o
  CC      drivers/staging/qcacld-3.0/components/nan/dispatcher/src/nan_ucfg_api.o
  CC      drivers/staging/qcacld-3.0/components/nan/dispatcher/src/cfg_nan.o
  CC      drivers/staging/qcacld-3.0/components/target_if/nan/src/target_if_nan.o
  CC      drivers/staging/qcacld-3.0/os_if/nan/src/os_if_nan.o
  CC      drivers/staging/qcacld-3.0/../qca-wifi-host-cmn/umac/cmn_services/mgmt_txrx/core/src/wlan_mgmt_txrx_main.o
  CC      drivers/staging/qcacld-3.0/../qca-wifi-host-cmn/umac/cmn_services/mgmt_txrx/dispatcher/src/wlan_mgmt_txrx_utils_api.o
  CC      drivers/staging/qcacld-3.0/../qca-wifi-host-cmn/umac/cmn_services/mgmt_txrx/dispatcher/src/wlan_mgmt_txrx_tgt_api.o
  CC      drivers/staging/qcacld-3.0/components/tdls/core/src/wlan_tdls_main.o
  CC      drivers/staging/qcacld-3.0/components/tdls/core/src/wlan_tdls_cmds_process.o
  CC      drivers/staging/qcacld-3.0/components/tdls/core/src/wlan_tdls_peer.o
  CC      drivers/staging/qcacld-3.0/components/tdls/core/src/wlan_tdls_mgmt.o
  CC      drivers/staging/qcacld-3.0/components/tdls/core/src/wlan_tdls_ct.o
  CC      drivers/staging/qcacld-3.0/components/tdls/dispatcher/src/wlan_tdls_tgt_api.o
  CC      drivers/staging/qcacld-3.0/components/tdls/dispatcher/src/wlan_tdls_ucfg_api.o
  CC      drivers/staging/qcacld-3.0/components/tdls/dispatcher/src/wlan_tdls_utils_api.o
  CC      drivers/staging/qcacld-3.0/components/tdls/dispatcher/src/wlan_tdls_cfg.o
  CC      drivers/staging/qcacld-3.0/os_if/tdls/src/wlan_cfg80211_tdls.o
  CC      drivers/staging/qcacld-3.0/components/target_if/tdls/src/target_if_tdls.o
  CC      drivers/staging/qcacld-3.0/components/pmo/core/src/wlan_pmo_main.o
  CC      drivers/staging/qcacld-3.0/components/pmo/core/src/wlan_pmo_apf.o
  CC      drivers/staging/qcacld-3.0/components/pmo/core/src/wlan_pmo_arp.o
  CC      drivers/staging/qcacld-3.0/components/pmo/core/src/wlan_pmo_gtk.o
  CC      drivers/staging/qcacld-3.0/components/pmo/core/src/wlan_pmo_mc_addr_filtering.o
  CC      drivers/staging/qcacld-3.0/components/pmo/core/src/wlan_pmo_static_config.o
  CC      drivers/staging/qcacld-3.0/components/pmo/core/src/wlan_pmo_wow.o
  CC      drivers/staging/qcacld-3.0/components/pmo/core/src/wlan_pmo_lphb.o
  CC      drivers/staging/qcacld-3.0/components/pmo/core/src/wlan_pmo_suspend_resume.o
  CC      drivers/staging/qcacld-3.0/components/pmo/core/src/wlan_pmo_hw_filter.o
  CC      drivers/staging/qcacld-3.0/components/pmo/dispatcher/src/wlan_pmo_obj_mgmt_api.o
  CC      drivers/staging/qcacld-3.0/components/pmo/dispatcher/src/wlan_pmo_ucfg_api.o
  CC      drivers/staging/qcacld-3.0/components/pmo/dispatcher/src/wlan_pmo_tgt_arp.o
  CC      drivers/staging/qcacld-3.0/components/pmo/dispatcher/src/wlan_pmo_tgt_gtk.o
  CC      drivers/staging/qcacld-3.0/components/pmo/dispatcher/src/wlan_pmo_tgt_wow.o
  CC      drivers/staging/qcacld-3.0/components/pmo/dispatcher/src/wlan_pmo_tgt_static_config.o
  CC      drivers/staging/qcacld-3.0/components/pmo/dispatcher/src/wlan_pmo_tgt_mc_addr_filtering.o
  CC      drivers/staging/qcacld-3.0/components/pmo/dispatcher/src/wlan_pmo_tgt_lphb.o
  CC      drivers/staging/qcacld-3.0/components/pmo/dispatcher/src/wlan_pmo_tgt_suspend_resume.o
  CC      drivers/staging/qcacld-3.0/components/pmo/dispatcher/src/wlan_pmo_tgt_hw_filter.o
  CC      drivers/staging/qcacld-3.0/components/pmo/core/src/wlan_pmo_pkt_filter.o
  CC      drivers/staging/qcacld-3.0/components/pmo/dispatcher/src/wlan_pmo_tgt_pkt_filter.o
  CC      drivers/staging/qcacld-3.0/components/pmo/core/src/wlan_pmo_ns.o
  CC      drivers/staging/qcacld-3.0/components/pmo/dispatcher/src/wlan_pmo_tgt_ns.o
  CC      drivers/staging/qcacld-3.0/components/p2p/dispatcher/src/wlan_p2p_ucfg_api.o
  CC      drivers/staging/qcacld-3.0/components/p2p/dispatcher/src/wlan_p2p_tgt_api.o
  CC      drivers/staging/qcacld-3.0/components/p2p/dispatcher/src/wlan_p2p_cfg.o
  CC      drivers/staging/qcacld-3.0/components/p2p/dispatcher/src/wlan_p2p_api.o
  CC      drivers/staging/qcacld-3.0/components/p2p/core/src/wlan_p2p_main.o
  CC      drivers/staging/qcacld-3.0/components/p2p/core/src/wlan_p2p_roc.o
  CC      drivers/staging/qcacld-3.0/components/p2p/core/src/wlan_p2p_off_chan_tx.o
  CC      drivers/staging/qcacld-3.0/os_if/p2p/src/wlan_cfg80211_p2p.o
  CC      drivers/staging/qcacld-3.0/components/target_if/p2p/src/target_if_p2p.o
  CC      drivers/staging/qcacld-3.0/components/cmn_services/policy_mgr/src/wlan_policy_mgr_action.o
  CC      drivers/staging/qcacld-3.0/components/cmn_services/policy_mgr/src/wlan_policy_mgr_core.o
  CC      drivers/staging/qcacld-3.0/components/cmn_services/policy_mgr/src/wlan_policy_mgr_get_set_utils.o
  CC      drivers/staging/qcacld-3.0/components/cmn_services/policy_mgr/src/wlan_policy_mgr_init_deinit.o
  CC      drivers/staging/qcacld-3.0/components/cmn_services/policy_mgr/src/wlan_policy_mgr_ucfg.o
  CC      drivers/staging/qcacld-3.0/components/cmn_services/policy_mgr/src/wlan_policy_mgr_pcl.o
  CC      drivers/staging/qcacld-3.0/../qca-wifi-host-cmn/utils/logging/src/wlan_logging_sock_svc.o
  CC      drivers/staging/qcacld-3.0/../qca-wifi-host-cmn/utils/logging/src/wlan_roam_debug.o
  CC      drivers/staging/qcacld-3.0/../qca-wifi-host-cmn/utils/nlink/src/wlan_nlink_srv.o
  CC      drivers/staging/qcacld-3.0/../qca-wifi-host-cmn/utils/ptt/src/wlan_ptt_sock_svc.o
  CC      drivers/staging/qcacld-3.0/../qca-wifi-host-cmn/umac/cmn_services/serialization/src/wlan_serialization_main.o
  CC      drivers/staging/qcacld-3.0/../qca-wifi-host-cmn/umac/cmn_services/serialization/src/wlan_serialization_api.o
  CC      drivers/staging/qcacld-3.0/../qca-wifi-host-cmn/umac/cmn_services/serialization/src/wlan_serialization_utils.o
  CC      drivers/staging/qcacld-3.0/../qca-wifi-host-cmn/umac/cmn_services/serialization/src/wlan_serialization_legacy_api.o
  CC      drivers/staging/qcacld-3.0/../qca-wifi-host-cmn/umac/cmn_services/serialization/src/wlan_serialization_rules.o
  CC      drivers/staging/qcacld-3.0/../qca-wifi-host-cmn/umac/cmn_services/serialization/src/wlan_serialization_internal.o
  CC      drivers/staging/qcacld-3.0/../qca-wifi-host-cmn/umac/cmn_services/serialization/src/wlan_serialization_non_scan.o
  CC      drivers/staging/qcacld-3.0/../qca-wifi-host-cmn/umac/cmn_services/serialization/src/wlan_serialization_queue.o
  CC      drivers/staging/qcacld-3.0/../qca-wifi-host-cmn/umac/cmn_services/serialization/src/wlan_serialization_scan.o
  CC      drivers/staging/qcacld-3.0/core/pld/src/pld_common.o
  CC      drivers/staging/qcacld-3.0/core/pld/src/pld_pcie.o
  CC      drivers/staging/qcacld-3.0/../qca-wifi-host-cmn/umac/cmn_services/sm_engine/src/wlan_sm_engine.o
  CC      drivers/staging/qcacld-3.0/../qca-wifi-host-cmn/umac/mlme/mlme_objmgr/dispatcher/src/wlan_vdev_mlme_main.o
  CC      drivers/staging/qcacld-3.0/../qca-wifi-host-cmn/umac/mlme/vdev_mgr/core/src/vdev_mlme_sm.o
  CC      drivers/staging/qcacld-3.0/../qca-wifi-host-cmn/umac/mlme/vdev_mgr/dispatcher/src/wlan_vdev_mlme_api.o
  CC      drivers/staging/qcacld-3.0/../qca-wifi-host-cmn/umac/mlme/vdev_mgr/core/src/vdev_mgr_ops.o
  CC      drivers/staging/qcacld-3.0/../qca-wifi-host-cmn/umac/mlme/vdev_mgr/dispatcher/src/wlan_vdev_mgr_tgt_if_rx_api.o
  CC      drivers/staging/qcacld-3.0/../qca-wifi-host-cmn/umac/mlme/vdev_mgr/dispatcher/src/wlan_vdev_mgr_tgt_if_tx_api.o
  CC      drivers/staging/qcacld-3.0/../qca-wifi-host-cmn/umac/mlme/vdev_mgr/dispatcher/src/wlan_vdev_mgr_ucfg_api.o
  CC      drivers/staging/qcacld-3.0/../qca-wifi-host-cmn/umac/mlme/vdev_mgr/dispatcher/src/wlan_vdev_mgr_utils_api.o
  CC      drivers/staging/qcacld-3.0/../qca-wifi-host-cmn/umac/mlme/mlme_objmgr/dispatcher/src/wlan_cmn_mlme_main.o
  CC      drivers/staging/qcacld-3.0/../qca-wifi-host-cmn/umac/mlme/mlme_objmgr/dispatcher/src/wlan_pdev_mlme_main.o
  CC      drivers/staging/qcacld-3.0/../qca-wifi-host-cmn/umac/mlme/pdev_mgr/dispatcher/src/wlan_pdev_mlme_api.o
  CC      drivers/staging/qcacld-3.0/../qca-wifi-host-cmn/umac/mlme/mlme_objmgr/dispatcher/src/wlan_psoc_mlme_main.o
  CC      drivers/staging/qcacld-3.0/../qca-wifi-host-cmn/umac/mlme/psoc_mgr/dispatcher/src/wlan_psoc_mlme_api.o
  CC      drivers/staging/qcacld-3.0/components/mlme/core/src/wlan_mlme_main.o
  CC      drivers/staging/qcacld-3.0/components/mlme/dispatcher/src/wlan_mlme_api.o
  CC      drivers/staging/qcacld-3.0/components/mlme/dispatcher/src/wlan_mlme_ucfg_api.o
  CC      drivers/staging/qcacld-3.0/components/mlme/core/src/wlan_mlme_vdev_mgr_interface.o
  CC      drivers/staging/qcacld-3.0/components/fw_offload/core/src/wlan_fw_offload_main.o
  CC      drivers/staging/qcacld-3.0/components/fw_offload/dispatcher/src/wlan_fwol_ucfg_api.o
  CC      drivers/staging/qcacld-3.0/components/fw_offload/dispatcher/src/wlan_fwol_tgt_api.o
  CC      drivers/staging/qcacld-3.0/components/target_if/fw_offload/src/target_if_fwol.o
  CC      drivers/staging/qcacld-3.0/os_if/fw_offload/src/os_if_fwol.o
  CC      drivers/staging/qcacld-3.0/components/blacklist_mgr/core/src/wlan_blm_main.o
  CC      drivers/staging/qcacld-3.0/components/blacklist_mgr/core/src/wlan_blm_core.o
  CC      drivers/staging/qcacld-3.0/components/blacklist_mgr/dispatcher/src/wlan_blm_ucfg_api.o
  CC      drivers/staging/qcacld-3.0/components/blacklist_mgr/dispatcher/src/wlan_blm_tgt_api.o
  CC      drivers/staging/qcacld-3.0/../qca-wifi-host-cmn/utils/pktlog/pktlog_ac.o
  CC      drivers/staging/qcacld-3.0/../qca-wifi-host-cmn/utils/pktlog/pktlog_internal.o
  CC      drivers/staging/qcacld-3.0/../qca-wifi-host-cmn/utils/pktlog/linux_ac.o
  CC      drivers/staging/qcacld-3.0/../qca-wifi-host-cmn/utils/pktlog/pktlog_wifi3.o
  CC      drivers/staging/qcacld-3.0/../qca-wifi-host-cmn/utils/host_diag_log/src/host_diag_log.o
  CC      drivers/staging/qcacld-3.0/components/disa/core/src/wlan_disa_main.o
  CC      drivers/staging/qcacld-3.0/components/disa/dispatcher/src/wlan_disa_obj_mgmt_api.o
  CC      drivers/staging/qcacld-3.0/components/disa/dispatcher/src/wlan_disa_tgt_api.o
  CC      drivers/staging/qcacld-3.0/components/disa/dispatcher/src/wlan_disa_ucfg_api.o
  CC      drivers/staging/qcacld-3.0/components/action_oui/core/src/wlan_action_oui_main.o
  CC      drivers/staging/qcacld-3.0/components/action_oui/core/src/wlan_action_oui_parse.o
  CC      drivers/staging/qcacld-3.0/components/action_oui/dispatcher/src/wlan_action_oui_tgt_api.o
  CC      drivers/staging/qcacld-3.0/components/action_oui/dispatcher/src/wlan_action_oui_ucfg_api.o
  CC      drivers/staging/qcacld-3.0/../qca-wifi-host-cmn/umac/global_umac_dispatcher/lmac_if/src/wlan_lmac_if.o
  CC      drivers/staging/qcacld-3.0/../qca-wifi-host-cmn/umac/scan/core/src/wlan_scan_cache_db.o
  CC      drivers/staging/qcacld-3.0/../qca-wifi-host-cmn/umac/scan/core/src/wlan_scan_11d.o
  CC      drivers/staging/qcacld-3.0/../qca-wifi-host-cmn/umac/scan/core/src/wlan_scan_bss_score.o
  CC      drivers/staging/qcacld-3.0/../qca-wifi-host-cmn/umac/scan/core/src/wlan_scan_filter.o
  CC      drivers/staging/qcacld-3.0/../qca-wifi-host-cmn/umac/scan/core/src/wlan_scan_main.o
  CC      drivers/staging/qcacld-3.0/../qca-wifi-host-cmn/umac/scan/core/src/wlan_scan_manager.o
  CC      drivers/staging/qcacld-3.0/../qca-wifi-host-cmn/umac/scan/dispatcher/src/wlan_scan_tgt_api.o
  CC      drivers/staging/qcacld-3.0/../qca-wifi-host-cmn/umac/scan/dispatcher/src/wlan_scan_ucfg_api.o
  CC      drivers/staging/qcacld-3.0/../qca-wifi-host-cmn/umac/scan/dispatcher/src/wlan_scan_api.o
  CC      drivers/staging/qcacld-3.0/../qca-wifi-host-cmn/umac/scan/dispatcher/src/wlan_scan_utils_api.o
  CC      drivers/staging/qcacld-3.0/../qca-wifi-host-cmn/os_if/linux/scan/src/wlan_cfg80211_scan.o
  CC      drivers/staging/qcacld-3.0/../qca-wifi-host-cmn/os_if/linux/wlan_cfg80211.o
  CC      drivers/staging/qcacld-3.0/../qca-wifi-host-cmn/target_if/scan/src/target_if_scan.o
  CC      drivers/staging/qcacld-3.0/../qca-wifi-host-cmn/umac/cmn_services/utils/src/wlan_utility.o
  CC      drivers/staging/qcacld-3.0/../qca-wifi-host-cmn/wlan_cfg/wlan_cfg.o
  CC      drivers/staging/qcacld-3.0/../qca-wifi-host-cmn/spectral/core/spectral_offload.o
  CC      drivers/staging/qcacld-3.0/../qca-wifi-host-cmn/spectral/core/spectral_common.o
  CC      drivers/staging/qcacld-3.0/../qca-wifi-host-cmn/spectral/dispatcher/src/wlan_spectral_ucfg_api.o
  CC      drivers/staging/qcacld-3.0/../qca-wifi-host-cmn/spectral/dispatcher/src/wlan_spectral_utils_api.o
  CC      drivers/staging/qcacld-3.0/../qca-wifi-host-cmn/spectral/dispatcher/src/wlan_spectral_tgt_api.o
  CC      drivers/staging/qcacld-3.0/../qca-wifi-host-cmn/os_if/linux/spectral/src/wlan_cfg80211_spectral.o
  CC      drivers/staging/qcacld-3.0/../qca-wifi-host-cmn/os_if/linux/spectral/src/os_if_spectral_netlink.o
  CC      drivers/staging/qcacld-3.0/../qca-wifi-host-cmn/target_if/spectral/target_if_spectral_netlink.o
  CC      drivers/staging/qcacld-3.0/../qca-wifi-host-cmn/target_if/spectral/target_if_spectral_phyerr.o
  CC      drivers/staging/qcacld-3.0/../qca-wifi-host-cmn/target_if/spectral/target_if_spectral.o
  CC      drivers/staging/qcacld-3.0/../qca-wifi-host-cmn/target_if/spectral/target_if_spectral_sim.o
  CC      drivers/staging/qcacld-3.0/../qca-wifi-host-cmn/target_if/direct_buf_rx/src/target_if_direct_buf_rx_api.o
  CC      drivers/staging/qcacld-3.0/../qca-wifi-host-cmn/target_if/direct_buf_rx/src/target_if_direct_buf_rx_main.o
  CC      drivers/staging/qcacld-3.0/../qca-wifi-host-cmn/wmi/src/wmi_unified_dbr_api.o
  CC      drivers/staging/qcacld-3.0/../qca-wifi-host-cmn/wmi/src/wmi_unified_dbr_tlv.o
  CC      drivers/staging/qcacld-3.0/../qca-wifi-host-cmn/umac/green_ap/core/src/wlan_green_ap_main.o
  CC      drivers/staging/qcacld-3.0/../qca-wifi-host-cmn/umac/green_ap/dispatcher/src/wlan_green_ap_api.o
  CC      drivers/staging/qcacld-3.0/../qca-wifi-host-cmn/umac/green_ap/dispatcher/src/wlan_green_ap_ucfg_api.o
  CC      drivers/staging/qcacld-3.0/../qca-wifi-host-cmn/target_if/green_ap/src/target_if_green_ap.o
  CC      drivers/staging/qcacld-3.0/../qca-wifi-host-cmn/umac/cmn_services/crypto/src/wlan_crypto_global_api.o
  CC      drivers/staging/qcacld-3.0/../qca-wifi-host-cmn/umac/cmn_services/crypto/src/wlan_crypto_ucfg_api.o
  CC      drivers/staging/qcacld-3.0/../qca-wifi-host-cmn/umac/cmn_services/crypto/src/wlan_crypto_main.o
  CC      drivers/staging/qcacld-3.0/../qca-wifi-host-cmn/umac/cmn_services/crypto/src/wlan_crypto_obj_mgr.o
  CC      drivers/staging/qcacld-3.0/../qca-wifi-host-cmn/dp/wifi3.0/dp_tx.o
  CC      drivers/staging/qcacld-3.0/../qca-wifi-host-cmn/dp/wifi3.0/dp_tx_desc.o
  CC      drivers/staging/qcacld-3.0/../qca-wifi-host-cmn/dp/wifi3.0/dp_rx.o
  CC      drivers/staging/qcacld-3.0/../qca-wifi-host-cmn/dp/wifi3.0/dp_rx_err.o
  CC      drivers/staging/qcacld-3.0/../qca-wifi-host-cmn/dp/wifi3.0/dp_htt.o
  CC      drivers/staging/qcacld-3.0/../qca-wifi-host-cmn/dp/wifi3.0/dp_peer.o
  CC      drivers/staging/qcacld-3.0/../qca-wifi-host-cmn/umac/cmn_services/crypto/src/wlan_crypto_param_handling.o
  CC      drivers/staging/qcacld-3.0/../qca-wifi-host-cmn/dp/wifi3.0/dp_rx_desc.o
  CC      drivers/staging/qcacld-3.0/../qca-wifi-host-cmn/dp/wifi3.0/dp_main.o
  CC      drivers/staging/qcacld-3.0/../qca-wifi-host-cmn/dp/wifi3.0/dp_reo.o
  CC      drivers/staging/qcacld-3.0/../qca-wifi-host-cmn/dp/wifi3.0/dp_rx_mon_dest.o
  CC      drivers/staging/qcacld-3.0/../qca-wifi-host-cmn/dp/wifi3.0/dp_rx_mon_status.o
  CC      drivers/staging/qcacld-3.0/../qca-wifi-host-cmn/dp/wifi3.0/dp_rx_defrag.o
  CC      drivers/staging/qcacld-3.0/../qca-wifi-host-cmn/dp/wifi3.0/dp_mon_filter.o
  CC      drivers/staging/qcacld-3.0/../qca-wifi-host-cmn/dp/wifi3.0/dp_stats.o
  CC      drivers/staging/qcacld-3.0/../qca-wifi-host-cmn/target_if/dp/src/target_if_dp.o
  CC      drivers/staging/qcacld-3.0/../qca-wifi-host-cmn/dp/wifi3.0/dp_tx_flow_control.o
  CC      drivers/staging/qcacld-3.0/../qca-wifi-host-cmn/dp/wifi3.0/dp_wdi_event.o
  CC      drivers/staging/qcacld-3.0/core/dp/txrx3.0/dp_txrx.o
  CC      drivers/staging/qcacld-3.0/core/dp/txrx3.0/dp_rx_thread.o
  GEN     .version
  CHK     include/generated/compile.h
  GEN     .tmp_initcalls.lds
  LTO     vmlinux.o
ld.lld: warning: <unknown>:0:0: stack frame size (4384) exceeds limit (4096) in function 'ext4_ext_remove_space'
ld.lld: warning: <unknown>:0:0: stack frame size (4144) exceeds limit (4096) in function 'devkmsg_write'
ld.lld: warning: <unknown>:0:0: stack frame size (4208) exceeds limit (4096) in function 'syslog_print'
ld.lld: warning: <unknown>:0:0: stack frame size (16480) exceeds limit (4096) in function 'LZ4_compress_destSize'
ld.lld: warning: <unknown>:0:0: stack frame size (4416) exceeds limit (4096) in function 'load_elf_binary'
ld.lld: warning: <unknown>:0:0: stack frame size (4448) exceeds limit (4096) in function 'load_elf_binary'
ld.lld: warning: <unknown>:0:0: stack frame size (66048) exceeds limit (4096) in function 'LZ4HC_compress_optimal'
ld.lld: warning: <unknown>:0:0: stack frame size (4176) exceeds limit (4096) in function 'kernfs_fop_write.llvm.8292912831862138859'
ld.lld: warning: <unknown>:0:0: stack frame size (4752) exceeds limit (4096) in function 'kobject_uevent_env'
  MODPOST vmlinux.o
  KSYM    .tmp_kallsyms1.o
  KSYM    .tmp_kallsyms2.o
  LD      vmlinux
  SORTEX  vmlinux
  SYSMAP  System.map
  OBJCOPY arch/arm64/boot/Image
  Building modules, stage 2.
  MODPOST 1 modules
  CC      drivers/media/usb/gspca/gspca_main.mod.o
clang-real: error: no such file or directory: 'drivers/media/usb/gspca/gspca_main.mod.c'
clang-real: error: no input files
make[2]: *** [../scripts/Makefile.modpost:113: drivers/media/usb/gspca/gspca_main.mod.o] Error 1
make[2]: Target '_modpost' not remade because of errors.
make[1]: *** [/serverhive/zenzer0s/pos/magictime/kernel_xiaomi_sm8250/Makefile:1440: modules] Error 2
make[1]: Target '_all' not remade because of errors.
make[1]: Leaving directory '/serverhive/zenzer0s/pos/magictime/kernel_xiaomi_sm8250/out'
make: *** [Makefile:153: sub-make] Error 2
make: Target '_all' not remade because of errors.
